[
    {
        "Date": "2017/12/28",
        "ARIMA": 41.1562172311
    },
    {
        "Date": "2017/12/29",
        "ARIMA": 40.7111681203
    },
    {
        "Date": "2018/01/02",
        "ARIMA": 41.4400863936
    },
    {
        "Date": "2018/01/03",
        "ARIMA": 41.432869380999996
    },
    {
        "Date": "2018/01/04",
        "ARIMA": 41.6253230506
    },
    {
        "Date": "2018/01/05",
        "ARIMA": 42.0992402118
    },
    {
        "Date": "2018/01/08",
        "ARIMA": 41.9428716053
    },
    {
        "Date": "2018/01/09",
        "ARIMA": 41.9380602636
    },
    {
        "Date": "2018/01/10",
        "ARIMA": 41.9284375801
    },
    {
        "Date": "2018/01/11",
        "ARIMA": 42.1665989962
    },
    {
        "Date": "2018/01/12",
        "ARIMA": 42.6020254235
    },
    {
        "Date": "2018/01/16",
        "ARIMA": 42.385515045300004
    },
    {
        "Date": "2018/01/17",
        "ARIMA": 43.0855652682
    },
    {
        "Date": "2018/01/18",
        "ARIMA": 43.1240560021
    },
    {
        "Date": "2018/01/19",
        "ARIMA": 42.9316023326
    },
    {
        "Date": "2018/01/22",
        "ARIMA": 42.580374385700004
    },
    {
        "Date": "2018/01/23",
        "ARIMA": 42.5899970691
    },
    {
        "Date": "2018/01/24",
        "ARIMA": 41.911597884
    },
    {
        "Date": "2018/01/25",
        "ARIMA": 41.163434243699996
    },
    {
        "Date": "2018/01/26",
        "ARIMA": 41.2596610784
    },
    {
        "Date": "2018/01/29",
        "ARIMA": 40.4056479199
    },
    {
        "Date": "2018/01/30",
        "ARIMA": 40.1674865038
    },
    {
        "Date": "2018/01/31",
        "ARIMA": 40.2781473638
    },
    {
        "Date": "2018/02/01",
        "ARIMA": 40.3623458442
    },
    {
        "Date": "2018/02/02",
        "ARIMA": 38.6110174514
    },
    {
        "Date": "2018/02/05",
        "ARIMA": 37.6463434328
    },
    {
        "Date": "2018/02/06",
        "ARIMA": 39.2196521813
    },
    {
        "Date": "2018/02/07",
        "ARIMA": 38.380073048
    },
    {
        "Date": "2018/02/08",
        "ARIMA": 37.3239835364
    },
    {
        "Date": "2018/02/09",
        "ARIMA": 37.778655330599996
    },
    {
        "Date": "2018/02/12",
        "ARIMA": 39.3003325161
    },
    {
        "Date": "2018/02/13",
        "ARIMA": 39.6940362959
    },
    {
        "Date": "2018/02/14",
        "ARIMA": 40.4258905613
    },
    {
        "Date": "2018/02/15",
        "ARIMA": 41.7833232252
    },
    {
        "Date": "2018/02/16",
        "ARIMA": 41.648063030900005
    },
    {
        "Date": "2018/02/20",
        "ARIMA": 41.5079721154
    },
    {
        "Date": "2018/02/21",
        "ARIMA": 41.3195739877
    },
    {
        "Date": "2018/02/22",
        "ARIMA": 41.6649705552
    },
    {
        "Date": "2018/02/23",
        "ARIMA": 42.389578738800004
    },
    {
        "Date": "2018/02/26",
        "ARIMA": 43.2277088711
    },
    {
        "Date": "2018/02/27",
        "ARIMA": 43.0876179556
    },
    {
        "Date": "2018/02/28",
        "ARIMA": 43.0224032191
    },
    {
        "Date": "2018/03/01",
        "ARIMA": 42.2688107082
    },
    {
        "Date": "2018/03/02",
        "ARIMA": 42.5610693422
    },
    {
        "Date": "2018/03/05",
        "ARIMA": 42.7084063395
    },
    {
        "Date": "2018/03/06",
        "ARIMA": 42.6721759303
    },
    {
        "Date": "2018/03/07",
        "ARIMA": 42.27605679
    },
    {
        "Date": "2018/03/08",
        "ARIMA": 42.7373906669
    },
    {
        "Date": "2018/03/09",
        "ARIMA": 43.4716602929
    },
    {
        "Date": "2018/03/12",
        "ARIMA": 43.891933039399994
    },
    {
        "Date": "2018/03/13",
        "ARIMA": 43.46924493229999
    },
    {
        "Date": "2018/03/14",
        "ARIMA": 43.0996947587
    },
    {
        "Date": "2018/03/15",
        "ARIMA": 43.150417331499995
    },
    {
        "Date": "2018/03/16",
        "ARIMA": 42.998249613
    },
    {
        "Date": "2018/03/19",
        "ARIMA": 42.3412715265
    },
    {
        "Date": "2018/03/20",
        "ARIMA": 42.3267793628
    },
    {
        "Date": "2018/03/21",
        "ARIMA": 41.3678811999
    },
    {
        "Date": "2018/03/22",
        "ARIMA": 40.7833639318
    },
    {
        "Date": "2018/03/23",
        "ARIMA": 39.8389579326
    },
    {
        "Date": "2018/03/26",
        "ARIMA": 41.7301852917
    },
    {
        "Date": "2018/03/27",
        "ARIMA": 40.6601805406
    },
    {
        "Date": "2018/03/28",
        "ARIMA": 40.2109234668
    },
    {
        "Date": "2018/03/29",
        "ARIMA": 40.5249203464
    },
    {
        "Date": "2018/04/02",
        "ARIMA": 40.2592306791
    },
    {
        "Date": "2018/04/03",
        "ARIMA": 40.6722573437
    },
    {
        "Date": "2018/04/04",
        "ARIMA": 41.4500034607
    },
    {
        "Date": "2018/04/05",
        "ARIMA": 41.7374313735
    },
    {
        "Date": "2018/04/06",
        "ARIMA": 40.6698419831
    },
    {
        "Date": "2018/04/09",
        "ARIMA": 41.0732072053
    },
    {
        "Date": "2018/04/10",
        "ARIMA": 41.8461226011
    },
    {
        "Date": "2018/04/11",
        "ARIMA": 41.6504783915
    },
    {
        "Date": "2018/04/12",
        "ARIMA": 42.0610896955
    },
    {
        "Date": "2018/04/13",
        "ARIMA": 42.203595971599995
    },
    {
        "Date": "2018/04/16",
        "ARIMA": 42.4668702783
    },
    {
        "Date": "2018/04/17",
        "ARIMA": 43.0513875464
    },
    {
        "Date": "2018/04/18",
        "ARIMA": 42.9547731219
    },
    {
        "Date": "2018/04/19",
        "ARIMA": 41.7374313735
    },
    {
        "Date": "2018/04/20",
        "ARIMA": 40.0273560603
    },
    {
        "Date": "2018/04/23",
        "ARIMA": 39.911418751
    },
    {
        "Date": "2018/04/24",
        "ARIMA": 39.3558858102
    },
    {
        "Date": "2018/04/25",
        "ARIMA": 39.5273764137
    },
    {
        "Date": "2018/04/26",
        "ARIMA": 39.6650519685
    },
    {
        "Date": "2018/04/27",
        "ARIMA": 39.2061334523
    },
    {
        "Date": "2018/04/30",
        "ARIMA": 39.9162494722
    },
    {
        "Date": "2018/05/01",
        "ARIMA": 40.8437479471
    },
    {
        "Date": "2018/05/02",
        "ARIMA": 42.6480223242
    },
    {
        "Date": "2018/05/03",
        "ARIMA": 42.725313863800004
    },
    {
        "Date": "2018/05/04",
        "ARIMA": 44.4015741285
    },
    {
        "Date": "2018/05/07",
        "ARIMA": 44.722817089799996
    },
    {
        "Date": "2018/05/08",
        "ARIMA": 44.9377841843
    },
    {
        "Date": "2018/05/09",
        "ARIMA": 45.254196424499995
    },
    {
        "Date": "2018/05/10",
        "ARIMA": 45.9015130684
    },
    {
        "Date": "2018/05/11",
        "ARIMA": 45.72760710439999
    },
    {
        "Date": "2018/05/14",
        "ARIMA": 45.6209198616
    },
    {
        "Date": "2018/05/15",
        "ARIMA": 45.2062944405
    },
    {
        "Date": "2018/05/16",
        "ARIMA": 45.6281939918
    },
    {
        "Date": "2018/05/17",
        "ARIMA": 45.3396534941
    },
    {
        "Date": "2018/05/18",
        "ARIMA": 45.1747732097
    },
    {
        "Date": "2018/05/21",
        "ARIMA": 45.4948349382
    },
    {
        "Date": "2018/05/22",
        "ARIMA": 45.380873565200005
    },
    {
        "Date": "2018/05/23",
        "ARIMA": 45.6718387729
    },
    {
        "Date": "2018/05/24",
        "ARIMA": 45.6209198616
    },
    {
        "Date": "2018/05/25",
        "ARIMA": 45.725182394300006
    },
    {
        "Date": "2018/05/29",
        "ARIMA": 45.5603021099
    },
    {
        "Date": "2018/05/30",
        "ARIMA": 45.4633137074
    },
    {
        "Date": "2018/05/31",
        "ARIMA": 45.3105569733
    },
    {
        "Date": "2018/06/01",
        "ARIMA": 46.127684265
    },
    {
        "Date": "2018/06/04",
        "ARIMA": 46.513213165299995
    },
    {
        "Date": "2018/06/05",
        "ARIMA": 46.87207025479999
    },
    {
        "Date": "2018/06/06",
        "ARIMA": 47.0345258291
    },
    {
        "Date": "2018/06/07",
        "ARIMA": 46.9084409058
    },
    {
        "Date": "2018/06/08",
        "ARIMA": 46.4816919344
    },
    {
        "Date": "2018/06/11",
        "ARIMA": 46.3677305614
    },
    {
        "Date": "2018/06/12",
        "ARIMA": 46.622325118199996
    },
    {
        "Date": "2018/06/13",
        "ARIMA": 46.239220928
    },
    {
        "Date": "2018/06/14",
        "ARIMA": 46.263468028599995
    },
    {
        "Date": "2018/06/15",
        "ARIMA": 45.78822485600001
    },
    {
        "Date": "2018/06/18",
        "ARIMA": 45.7639777554
    },
    {
        "Date": "2018/06/19",
        "ARIMA": 45.0244411857
    },
    {
        "Date": "2018/06/20",
        "ARIMA": 45.2208427009
    },
    {
        "Date": "2018/06/21",
        "ARIMA": 44.9686728542
    },
    {
        "Date": "2018/06/22",
        "ARIMA": 44.8377385108
    },
    {
        "Date": "2018/06/25",
        "ARIMA": 44.170943243100005
    },
    {
        "Date": "2018/06/26",
        "ARIMA": 44.7189277176
    },
    {
        "Date": "2018/06/27",
        "ARIMA": 44.6534605459
    },
    {
        "Date": "2018/06/28",
        "ARIMA": 44.9783716945
    },
    {
        "Date": "2018/06/29",
        "ARIMA": 44.883808001999995
    },
    {
        "Date": "2018/07/02",
        "ARIMA": 45.3857229853
    },
    {
        "Date": "2018/07/03",
        "ARIMA": 44.595267504300004
    },
    {
        "Date": "2018/07/05",
        "ARIMA": 44.954124593900005
    },
    {
        "Date": "2018/07/06",
        "ARIMA": 45.5772750804
    },
    {
        "Date": "2018/07/09",
        "ARIMA": 46.210124407200006
    },
    {
        "Date": "2018/07/10",
        "ARIMA": 46.154356075699994
    },
    {
        "Date": "2018/07/11",
        "ARIMA": 45.55545268979999
    },
    {
        "Date": "2018/07/12",
        "ARIMA": 46.3192363601
    },
    {
        "Date": "2018/07/13",
        "ARIMA": 46.391977661999995
    },
    {
        "Date": "2018/07/16",
        "ARIMA": 46.290139839300004
    },
    {
        "Date": "2018/07/17",
        "ARIMA": 46.4210741828
    },
    {
        "Date": "2018/07/18",
        "ARIMA": 46.166479626000005
    },
    {
        "Date": "2018/07/19",
        "ARIMA": 46.525336715600005
    },
    {
        "Date": "2018/07/20",
        "ARIMA": 46.418649472700004
    },
    {
        "Date": "2018/07/23",
        "ARIMA": 46.459869543800004
    },
    {
        "Date": "2018/07/24",
        "ARIMA": 46.7969042428
    },
    {
        "Date": "2018/07/25",
        "ARIMA": 47.238201474499995
    },
    {
        "Date": "2018/07/26",
        "ARIMA": 47.0902941606
    },
    {
        "Date": "2018/07/27",
        "ARIMA": 46.307112809799996
    },
    {
        "Date": "2018/07/30",
        "ARIMA": 46.0476688329
    },
    {
        "Date": "2018/07/31",
        "ARIMA": 46.139807815299996
    },
    {
        "Date": "2018/08/01",
        "ARIMA": 48.8579077975
    },
    {
        "Date": "2018/08/02",
        "ARIMA": 50.2860620255
    },
    {
        "Date": "2018/08/03",
        "ARIMA": 50.43154462930001
    },
    {
        "Date": "2018/08/06",
        "ARIMA": 50.6934133163
    },
    {
        "Date": "2018/08/07",
        "ARIMA": 50.2181701436
    },
    {
        "Date": "2018/08/08",
        "ARIMA": 50.2521160846
    },
    {
        "Date": "2018/08/09",
        "ARIMA": 50.647343825
    },
    {
        "Date": "2018/08/10",
        "ARIMA": 50.497011801099994
    },
    {
        "Date": "2018/08/13",
        "ARIMA": 50.8230658454
    },
    {
        "Date": "2018/08/14",
        "ARIMA": 51.037190889399994
    },
    {
        "Date": "2018/08/15",
        "ARIMA": 51.1564196071
    },
    {
        "Date": "2018/08/16",
        "ARIMA": 51.905857261099996
    },
    {
        "Date": "2018/08/17",
        "ARIMA": 52.9424171333
    },
    {
        "Date": "2018/08/20",
        "ARIMA": 52.426570436300004
    },
    {
        "Date": "2018/08/21",
        "ARIMA": 52.3243743926
    },
    {
        "Date": "2018/08/22",
        "ARIMA": 52.3268076317
    },
    {
        "Date": "2018/08/23",
        "ARIMA": 52.4338701538
    },
    {
        "Date": "2018/08/24",
        "ARIMA": 52.596897175900004
    },
    {
        "Date": "2018/08/27",
        "ARIMA": 53.030013742200005
    },
    {
        "Date": "2018/08/28",
        "ARIMA": 53.4582638302
    },
    {
        "Date": "2018/08/29",
        "ARIMA": 54.256366267
    },
    {
        "Date": "2018/08/30",
        "ARIMA": 54.75518029
    },
    {
        "Date": "2018/08/31",
        "ARIMA": 55.3878224655
    },
    {
        "Date": "2018/09/04",
        "ARIMA": 55.5654489225
    },
    {
        "Date": "2018/09/05",
        "ARIMA": 55.2028962912
    },
    {
        "Date": "2018/09/06",
        "ARIMA": 54.2855651367
    },
    {
        "Date": "2018/09/07",
        "ARIMA": 53.8475820921
    },
    {
        "Date": "2018/09/10",
        "ARIMA": 53.12491006850001
    },
    {
        "Date": "2018/09/11",
        "ARIMA": 54.468058071899996
    },
    {
        "Date": "2018/09/12",
        "ARIMA": 53.791617592
    },
    {
        "Date": "2018/09/13",
        "ARIMA": 55.090967290900004
    },
    {
        "Date": "2018/09/14",
        "ARIMA": 54.465624832799996
    },
    {
        "Date": "2018/09/17",
        "ARIMA": 53.0154143074
    },
    {
        "Date": "2018/09/18",
        "ARIMA": 53.1030109163
    },
    {
        "Date": "2018/09/19",
        "ARIMA": 53.134643025100004
    },
    {
        "Date": "2018/09/20",
        "ARIMA": 53.5385607218
    },
    {
        "Date": "2018/09/21",
        "ARIMA": 52.961883046400004
    },
    {
        "Date": "2018/09/24",
        "ARIMA": 53.7234868961
    },
    {
        "Date": "2018/09/25",
        "ARIMA": 54.0641403753
    },
    {
        "Date": "2018/09/26",
        "ARIMA": 53.633457048100006
    },
    {
        "Date": "2018/09/27",
        "ARIMA": 54.7357143769
    },
    {
        "Date": "2018/09/28",
        "ARIMA": 54.9279402687
    },
    {
        "Date": "2018/10/01",
        "ARIMA": 55.2977926175
    },
    {
        "Date": "2018/10/02",
        "ARIMA": 55.78930692310001
    },
    {
        "Date": "2018/10/03",
        "ARIMA": 56.468180642200004
    },
    {
        "Date": "2018/10/04",
        "ARIMA": 55.475419074499996
    },
    {
        "Date": "2018/10/05",
        "ARIMA": 54.5751205939
    },
    {
        "Date": "2018/10/08",
        "ARIMA": 54.448592158800004
    },
    {
        "Date": "2018/10/09",
        "ARIMA": 55.2028962912
    },
    {
        "Date": "2018/10/10",
        "ARIMA": 52.6455619586
    },
    {
        "Date": "2018/10/11",
        "ARIMA": 52.180813283599996
    },
    {
        "Date": "2018/10/12",
        "ARIMA": 54.0446744622
    },
    {
        "Date": "2018/10/15",
        "ARIMA": 52.888885872299994
    },
    {
        "Date": "2018/10/16",
        "ARIMA": 54.0544074187
    },
    {
        "Date": "2018/10/17",
        "ARIMA": 53.820816461599996
    },
    {
        "Date": "2018/10/18",
        "ARIMA": 52.562831828
    },
    {
        "Date": "2018/10/19",
        "ARIMA": 53.3633675039
    },
    {
        "Date": "2018/10/22",
        "ARIMA": 53.689421548199995
    },
    {
        "Date": "2018/10/23",
        "ARIMA": 54.1955352886
    },
    {
        "Date": "2018/10/24",
        "ARIMA": 52.3365405883
    },
    {
        "Date": "2018/10/25",
        "ARIMA": 53.4825962216
    },
    {
        "Date": "2018/10/26",
        "ARIMA": 52.6309625238
    },
    {
        "Date": "2018/10/29",
        "ARIMA": 51.643067434399995
    },
    {
        "Date": "2018/10/30",
        "ARIMA": 51.9009907829
    },
    {
        "Date": "2018/10/31",
        "ARIMA": 53.253871742799994
    },
    {
        "Date": "2018/11/01",
        "ARIMA": 54.0714400927
    },
    {
        "Date": "2018/11/02",
        "ARIMA": 50.4848456054
    },
    {
        "Date": "2018/11/05",
        "ARIMA": 49.051667753900006
    },
    {
        "Date": "2018/11/06",
        "ARIMA": 49.5821138857
    },
    {
        "Date": "2018/11/07",
        "ARIMA": 51.0858556721
    },
    {
        "Date": "2018/11/08",
        "ARIMA": 50.9082292151
    },
    {
        "Date": "2018/11/09",
        "ARIMA": 49.9266421777
    },
    {
        "Date": "2018/11/12",
        "ARIMA": 47.411630613999996
    },
    {
        "Date": "2018/11/13",
        "ARIMA": 46.9379294068
    },
    {
        "Date": "2018/11/14",
        "ARIMA": 45.6120543786
    },
    {
        "Date": "2018/11/15",
        "ARIMA": 46.73770518520001
    },
    {
        "Date": "2018/11/16",
        "ARIMA": 47.2553580508
    },
    {
        "Date": "2018/11/19",
        "ARIMA": 45.382529051400006
    },
    {
        "Date": "2018/11/20",
        "ARIMA": 43.21424723729999
    },
    {
        "Date": "2018/11/21",
        "ARIMA": 43.1654120613
    },
    {
        "Date": "2018/11/23",
        "ARIMA": 42.0690623602
    },
    {
        "Date": "2018/11/26",
        "ARIMA": 42.637992160500005
    },
    {
        "Date": "2018/11/27",
        "ARIMA": 42.5452053261
    },
    {
        "Date": "2018/11/28",
        "ARIMA": 44.1811837219
    },
    {
        "Date": "2018/11/29",
        "ARIMA": 43.8417792488
    },
    {
        "Date": "2018/11/30",
        "ARIMA": 43.604928645200005
    },
    {
        "Date": "2018/12/03",
        "ARIMA": 45.1285861362
    },
    {
        "Date": "2018/12/04",
        "ARIMA": 43.1434362321
    },
    {
        "Date": "2018/12/06",
        "ARIMA": 42.6624097485
    },
    {
        "Date": "2018/12/07",
        "ARIMA": 41.1411940163
    },
    {
        "Date": "2018/12/10",
        "ARIMA": 41.4122292431
    },
    {
        "Date": "2018/12/11",
        "ARIMA": 41.175378639499996
    },
    {
        "Date": "2018/12/12",
        "ARIMA": 41.2901413031
    },
    {
        "Date": "2018/12/13",
        "ARIMA": 41.741866681
    },
    {
        "Date": "2018/12/14",
        "ARIMA": 40.4062246176
    },
    {
        "Date": "2018/12/17",
        "ARIMA": 40.030193762399996
    },
    {
        "Date": "2018/12/18",
        "ARIMA": 40.5502883868
    },
    {
        "Date": "2018/12/19",
        "ARIMA": 39.2854573285
    },
    {
        "Date": "2018/12/20",
        "ARIMA": 38.294103255799996
    },
    {
        "Date": "2018/12/21",
        "ARIMA": 36.804630388
    },
    {
        "Date": "2018/12/24",
        "ARIMA": 35.8523444561
    },
    {
        "Date": "2018/12/26",
        "ARIMA": 38.377123055
    },
    {
        "Date": "2018/12/27",
        "ARIMA": 38.1280636575
    },
    {
        "Date": "2018/12/28",
        "ARIMA": 38.1475977279
    },
    {
        "Date": "2018/12/31",
        "ARIMA": 38.5163033066
    },
    {
        "Date": "2019/01/02",
        "ARIMA": 38.560254965
    },
    {
        "Date": "2019/01/03",
        "ARIMA": 34.7193683731
    },
    {
        "Date": "2019/01/04",
        "ARIMA": 36.2015159645
    },
    {
        "Date": "2019/01/07",
        "ARIMA": 36.1209379241
    },
    {
        "Date": "2019/01/08",
        "ARIMA": 36.8095139056
    },
    {
        "Date": "2019/01/09",
        "ARIMA": 37.4346041583
    },
    {
        "Date": "2019/01/10",
        "ARIMA": 37.5542503395
    },
    {
        "Date": "2019/01/11",
        "ARIMA": 37.1855447608
    },
    {
        "Date": "2019/01/14",
        "ARIMA": 36.6263819956
    },
    {
        "Date": "2019/01/15",
        "ARIMA": 37.3760019471
    },
    {
        "Date": "2019/01/16",
        "ARIMA": 37.8326108427
    },
    {
        "Date": "2019/01/17",
        "ARIMA": 38.0572526523
    },
    {
        "Date": "2019/01/18",
        "ARIMA": 38.291661497
    },
    {
        "Date": "2019/01/22",
        "ARIMA": 37.4321623995
    },
    {
        "Date": "2019/01/23",
        "ARIMA": 37.5835514451
    },
    {
        "Date": "2019/01/24",
        "ARIMA": 37.2856568716
    },
    {
        "Date": "2019/01/25",
        "ARIMA": 38.5211868242
    },
    {
        "Date": "2019/01/28",
        "ARIMA": 38.164690039499995
    },
    {
        "Date": "2019/01/29",
        "ARIMA": 37.769125113899996
    },
    {
        "Date": "2019/01/30",
        "ARIMA": 40.3500641652
    },
    {
        "Date": "2019/01/31",
        "ARIMA": 40.6406334624
    },
    {
        "Date": "2019/02/01",
        "ARIMA": 40.6601675328
    },
    {
        "Date": "2019/02/04",
        "ARIMA": 41.815119445
    },
    {
        "Date": "2019/02/05",
        "ARIMA": 42.5305547733
    },
    {
        "Date": "2019/02/06",
        "ARIMA": 42.5452053261
    },
    {
        "Date": "2019/02/07",
        "ARIMA": 41.7394249222
    },
    {
        "Date": "2019/02/08",
        "ARIMA": 41.7882600982
    },
    {
        "Date": "2019/02/11",
        "ARIMA": 41.5479426585
    },
    {
        "Date": "2019/02/12",
        "ARIMA": 41.9059665993
    },
    {
        "Date": "2019/02/13",
        "ARIMA": 41.7318590665
    },
    {
        "Date": "2019/02/14",
        "ARIMA": 41.8838966303
    },
    {
        "Date": "2019/02/15",
        "ARIMA": 41.790712317
    },
    {
        "Date": "2019/02/19",
        "ARIMA": 41.9157754744
    },
    {
        "Date": "2019/02/20",
        "ARIMA": 42.185519539299996
    },
    {
        "Date": "2019/02/21",
        "ARIMA": 41.947654318400005
    },
    {
        "Date": "2019/02/22",
        "ARIMA": 42.4160281039
    },
    {
        "Date": "2019/02/25",
        "ARIMA": 42.725007669200004
    },
    {
        "Date": "2019/02/26",
        "ARIMA": 42.7495298569
    },
    {
        "Date": "2019/02/27",
        "ARIMA": 42.8819496707
    },
    {
        "Date": "2019/02/28",
        "ARIMA": 42.460168041799996
    },
    {
        "Date": "2019/03/01",
        "ARIMA": 42.9064718584
    },
    {
        "Date": "2019/03/04",
        "ARIMA": 43.122267110299994
    },
    {
        "Date": "2019/03/05",
        "ARIMA": 43.0437961096
    },
    {
        "Date": "2019/03/06",
        "ARIMA": 42.7961220136
    },
    {
        "Date": "2019/03/07",
        "ARIMA": 42.300773821599996
    },
    {
        "Date": "2019/03/08",
        "ARIMA": 42.4013147913
    },
    {
        "Date": "2019/03/11",
        "ARIMA": 43.870193835900004
    },
    {
        "Date": "2019/03/12",
        "ARIMA": 44.363089809099996
    },
    {
        "Date": "2019/03/13",
        "ARIMA": 44.559267310900005
    },
    {
        "Date": "2019/03/14",
        "ARIMA": 45.0546155029
    },
    {
        "Date": "2019/03/15",
        "ARIMA": 45.6406957895
    },
    {
        "Date": "2019/03/18",
        "ARIMA": 46.1066173562
    },
    {
        "Date": "2019/03/19",
        "ARIMA": 45.7412367591
    },
    {
        "Date": "2019/03/20",
        "ARIMA": 46.140948419
    },
    {
        "Date": "2019/03/21",
        "ARIMA": 47.8403360282
    },
    {
        "Date": "2019/03/22",
        "ARIMA": 46.8496396442
    },
    {
        "Date": "2019/03/25",
        "ARIMA": 46.2831771078
    },
    {
        "Date": "2019/03/26",
        "ARIMA": 45.8049944472
    },
    {
        "Date": "2019/03/27",
        "ARIMA": 46.2169672009
    },
    {
        "Date": "2019/03/28",
        "ARIMA": 46.2782726702
    },
    {
        "Date": "2019/03/29",
        "ARIMA": 46.5798955792
    },
    {
        "Date": "2019/04/01",
        "ARIMA": 46.896231800900004
    },
    {
        "Date": "2019/04/02",
        "ARIMA": 47.5779486195
    },
    {
        "Date": "2019/04/03",
        "ARIMA": 47.904093716300004
    },
    {
        "Date": "2019/04/04",
        "ARIMA": 47.9874691545
    },
    {
        "Date": "2019/04/05",
        "ARIMA": 48.3087098137
    },
    {
        "Date": "2019/04/08",
        "ARIMA": 49.06889763310001
    },
    {
        "Date": "2019/04/09",
        "ARIMA": 48.9217645067
    },
    {
        "Date": "2019/04/10",
        "ARIMA": 49.1964130092
    },
    {
        "Date": "2019/04/11",
        "ARIMA": 48.786892474300004
    },
    {
        "Date": "2019/04/12",
        "ARIMA": 48.7672747241
    },
    {
        "Date": "2019/04/15",
        "ARIMA": 48.855554599899996
    },
    {
        "Date": "2019/04/16",
        "ARIMA": 48.8604590374
    },
    {
        "Date": "2019/04/17",
        "ARIMA": 49.8119199211
    },
    {
        "Date": "2019/04/18",
        "ARIMA": 49.9909318915
    },
    {
        "Date": "2019/04/22",
        "ARIMA": 50.1552305492
    },
    {
        "Date": "2019/04/23",
        "ARIMA": 50.878635087
    },
    {
        "Date": "2019/04/24",
        "ARIMA": 50.8001640863
    },
    {
        "Date": "2019/04/25",
        "ARIMA": 50.3391469571
    },
    {
        "Date": "2019/04/26",
        "ARIMA": 50.0988295174
    },
    {
        "Date": "2019/04/29",
        "ARIMA": 50.1748482994
    },
    {
        "Date": "2019/04/30",
        "ARIMA": 49.2086741031
    },
    {
        "Date": "2019/05/01",
        "ARIMA": 51.6241095938
    },
    {
        "Date": "2019/05/02",
        "ARIMA": 51.288155622
    },
    {
        "Date": "2019/05/03",
        "ARIMA": 51.925732502799995
    },
    {
        "Date": "2019/05/06",
        "ARIMA": 51.1238569642
    },
    {
        "Date": "2019/05/07",
        "ARIMA": 49.7457100142
    },
    {
        "Date": "2019/05/08",
        "ARIMA": 49.755518889300006
    },
    {
        "Date": "2019/05/09",
        "ARIMA": 49.220935196999996
    },
    {
        "Date": "2019/05/10",
        "ARIMA": 48.541670597
    },
    {
        "Date": "2019/05/13",
        "ARIMA": 45.7204537138
    },
    {
        "Date": "2019/05/14",
        "ARIMA": 46.4442213959
    },
    {
        "Date": "2019/05/15",
        "ARIMA": 47.0005870291
    },
    {
        "Date": "2019/05/16",
        "ARIMA": 46.793796262700006
    },
    {
        "Date": "2019/05/17",
        "ARIMA": 46.527922420299994
    },
    {
        "Date": "2019/05/20",
        "ARIMA": 45.0730016716
    },
    {
        "Date": "2019/05/21",
        "ARIMA": 45.9370916594
    },
    {
        "Date": "2019/05/22",
        "ARIMA": 44.9966860317
    },
    {
        "Date": "2019/05/23",
        "ARIMA": 44.2286060425
    },
    {
        "Date": "2019/05/24",
        "ARIMA": 44.058742198800005
    },
    {
        "Date": "2019/05/28",
        "ARIMA": 43.8765693808
    },
    {
        "Date": "2019/05/29",
        "ARIMA": 43.667316819700005
    },
    {
        "Date": "2019/05/30",
        "ARIMA": 43.8938019447
    },
    {
        "Date": "2019/05/31",
        "ARIMA": 43.09864221229999
    },
    {
        "Date": "2019/06/03",
        "ARIMA": 42.6629045262
    },
    {
        "Date": "2019/06/04",
        "ARIMA": 44.2236824529
    },
    {
        "Date": "2019/06/05",
        "ARIMA": 44.937602955600006
    },
    {
        "Date": "2019/06/06",
        "ARIMA": 45.597363971899995
    },
    {
        "Date": "2019/06/07",
        "ARIMA": 46.8110288266
    },
    {
        "Date": "2019/06/10",
        "ARIMA": 47.409244971999996
    },
    {
        "Date": "2019/06/11",
        "ARIMA": 47.958225220699994
    },
    {
        "Date": "2019/06/12",
        "ARIMA": 47.8055939408
    },
    {
        "Date": "2019/06/13",
        "ARIMA": 47.795746761400004
    },
    {
        "Date": "2019/06/14",
        "ARIMA": 47.4486336894
    },
    {
        "Date": "2019/06/17",
        "ARIMA": 47.7317400957
    },
    {
        "Date": "2019/06/18",
        "ARIMA": 48.854318541400005
    },
    {
        "Date": "2019/06/19",
        "ARIMA": 48.7115344408
    },
    {
        "Date": "2019/06/20",
        "ARIMA": 49.1029598199
    },
    {
        "Date": "2019/06/21",
        "ARIMA": 48.935557771000006
    },
    {
        "Date": "2019/06/24",
        "ARIMA": 48.8863218742
    },
    {
        "Date": "2019/06/25",
        "ARIMA": 48.145321628299996
    },
    {
        "Date": "2019/06/26",
        "ARIMA": 49.186660844399995
    },
    {
        "Date": "2019/06/27",
        "ARIMA": 49.1718900753
    },
    {
        "Date": "2019/06/28",
        "ARIMA": 48.723843415
    },
    {
        "Date": "2019/07/01",
        "ARIMA": 49.6174749408
    },
    {
        "Date": "2019/07/02",
        "ARIMA": 49.9079667316
    },
    {
        "Date": "2019/07/03",
        "ARIMA": 50.321548264200004
    },
    {
        "Date": "2019/07/05",
        "ARIMA": 50.277235957200006
    },
    {
        "Date": "2019/07/08",
        "ARIMA": 49.2408203308
    },
    {
        "Date": "2019/07/09",
        "ARIMA": 49.5411593009
    },
    {
        "Date": "2019/07/10",
        "ARIMA": 50.0310564735
    },
    {
        "Date": "2019/07/11",
        "ARIMA": 49.6667108376
    },
    {
        "Date": "2019/07/12",
        "ARIMA": 50.048289037299995
    },
    {
        "Date": "2019/07/15",
        "ARIMA": 50.5184918512
    },
    {
        "Date": "2019/07/16",
        "ARIMA": 50.3437044178
    },
    {
        "Date": "2019/07/17",
        "ARIMA": 50.0605980115
    },
    {
        "Date": "2019/07/18",
        "ARIMA": 50.6292726189
    },
    {
        "Date": "2019/07/19",
        "ARIMA": 49.8735016039
    },
    {
        "Date": "2019/07/22",
        "ARIMA": 51.013312613400004
    },
    {
        "Date": "2019/07/23",
        "ARIMA": 51.4121233771
    },
    {
        "Date": "2019/07/24",
        "ARIMA": 51.37027286479999
    },
    {
        "Date": "2019/07/25",
        "ARIMA": 50.9640767167
    },
    {
        "Date": "2019/07/26",
        "ARIMA": 51.141325945
    },
    {
        "Date": "2019/07/29",
        "ARIMA": 51.618914143400005
    },
    {
        "Date": "2019/07/30",
        "ARIMA": 51.397352608
    },
    {
        "Date": "2019/07/31",
        "ARIMA": 52.446077208599995
    },
    {
        "Date": "2019/08/01",
        "ARIMA": 51.3111897887
    },
    {
        "Date": "2019/08/02",
        "ARIMA": 50.2255382656
    },
    {
        "Date": "2019/08/05",
        "ARIMA": 47.5963413796
    },
    {
        "Date": "2019/08/06",
        "ARIMA": 48.49735829
    },
    {
        "Date": "2019/08/07",
        "ARIMA": 48.9995644367
    },
    {
        "Date": "2019/08/08",
        "ARIMA": 50.080292370200006
    },
    {
        "Date": "2019/08/09",
        "ARIMA": 49.6691726324
    },
    {
        "Date": "2019/08/12",
        "ARIMA": 49.543140103199995
    },
    {
        "Date": "2019/08/13",
        "ARIMA": 51.6412110304
    },
    {
        "Date": "2019/08/14",
        "ARIMA": 50.1041084194
    },
    {
        "Date": "2019/08/15",
        "ARIMA": 49.8545145871
    },
    {
        "Date": "2019/08/16",
        "ARIMA": 51.0308181929
    },
    {
        "Date": "2019/08/19",
        "ARIMA": 51.982240227
    },
    {
        "Date": "2019/08/20",
        "ARIMA": 51.984711453100005
    },
    {
        "Date": "2019/08/21",
        "ARIMA": 52.5481509954
    },
    {
        "Date": "2019/08/22",
        "ARIMA": 52.5036689262
    },
    {
        "Date": "2019/08/23",
        "ARIMA": 50.0769249327
    },
    {
        "Date": "2019/08/26",
        "ARIMA": 51.028346966899996
    },
    {
        "Date": "2019/08/27",
        "ARIMA": 50.4525512943
    },
    {
        "Date": "2019/08/28",
        "ARIMA": 50.79110926479999
    },
    {
        "Date": "2019/08/29",
        "ARIMA": 51.6510959346
    },
    {
        "Date": "2019/08/30",
        "ARIMA": 51.5843728309
    },
    {
        "Date": "2019/09/03",
        "ARIMA": 50.8331201079
    },
    {
        "Date": "2019/09/04",
        "ARIMA": 51.6955780038
    },
    {
        "Date": "2019/09/05",
        "ARIMA": 52.706309463400004
    },
    {
        "Date": "2019/09/06",
        "ARIMA": 52.7013670112
    },
    {
        "Date": "2019/09/09",
        "ARIMA": 52.9262485829
    },
    {
        "Date": "2019/09/10",
        "ARIMA": 53.5514687768
    },
    {
        "Date": "2019/09/11",
        "ARIMA": 55.254143533900006
    },
    {
        "Date": "2019/09/12",
        "ARIMA": 55.1305822308
    },
    {
        "Date": "2019/09/13",
        "ARIMA": 54.0580701196
    },
    {
        "Date": "2019/09/16",
        "ARIMA": 54.3422611168
    },
    {
        "Date": "2019/09/17",
        "ARIMA": 54.5399592018
    },
    {
        "Date": "2019/09/18",
        "ARIMA": 55.051502996800004
    },
    {
        "Date": "2019/09/19",
        "ARIMA": 54.6042110795
    },
    {
        "Date": "2019/09/20",
        "ARIMA": 53.8060050612
    },
    {
        "Date": "2019/09/23",
        "ARIMA": 54.0506564414
    },
    {
        "Date": "2019/09/24",
        "ARIMA": 53.7936489309
    },
    {
        "Date": "2019/09/25",
        "ARIMA": 54.6215096619
    },
    {
        "Date": "2019/09/26",
        "ARIMA": 54.3397898908
    },
    {
        "Date": "2019/09/27",
        "ARIMA": 54.0753687021
    },
    {
        "Date": "2019/09/30",
        "ARIMA": 55.3480501243
    },
    {
        "Date": "2019/10/01",
        "ARIMA": 55.5012661402
    },
    {
        "Date": "2019/10/02",
        "ARIMA": 54.1099658669
    },
    {
        "Date": "2019/10/03",
        "ARIMA": 54.5696139146
    },
    {
        "Date": "2019/10/04",
        "ARIMA": 56.099302847299995
    },
    {
        "Date": "2019/10/07",
        "ARIMA": 56.1116589776
    },
    {
        "Date": "2019/10/08",
        "ARIMA": 55.454312845
    },
    {
        "Date": "2019/10/09",
        "ARIMA": 56.1042452995
    },
    {
        "Date": "2019/10/10",
        "ARIMA": 56.8604404746
    },
    {
        "Date": "2019/10/11",
        "ARIMA": 58.3728308249
    },
    {
        "Date": "2019/10/14",
        "ARIMA": 58.2888091388
    },
    {
        "Date": "2019/10/15",
        "ARIMA": 58.1528917054
    },
    {
        "Date": "2019/10/16",
        "ARIMA": 57.9181252294
    },
    {
        "Date": "2019/10/17",
        "ARIMA": 58.14300680109999
    },
    {
        "Date": "2019/10/18",
        "ARIMA": 58.4222553462
    },
    {
        "Date": "2019/10/21",
        "ARIMA": 59.4354580319
    },
    {
        "Date": "2019/10/22",
        "ARIMA": 59.2995405984
    },
    {
        "Date": "2019/10/23",
        "ARIMA": 60.0952753906
    },
    {
        "Date": "2019/10/24",
        "ARIMA": 60.1941244331
    },
    {
        "Date": "2019/10/25",
        "ARIMA": 60.935492251899994
    },
    {
        "Date": "2019/10/28",
        "ARIMA": 61.5458850893
    },
    {
        "Date": "2019/10/29",
        "ARIMA": 60.1224588773
    },
    {
        "Date": "2019/10/30",
        "ARIMA": 60.115045199099995
    },
    {
        "Date": "2019/10/31",
        "ARIMA": 61.474219533500005
    },
    {
        "Date": "2019/11/01",
        "ARIMA": 63.2189051337
    },
    {
        "Date": "2019/11/04",
        "ARIMA": 63.634071112200004
    },
    {
        "Date": "2019/11/05",
        "ARIMA": 63.5426357479
    },
    {
        "Date": "2019/11/06",
        "ARIMA": 63.5698192346
    },
    {
        "Date": "2019/11/07",
        "ARIMA": 64.3013021491
    },
    {
        "Date": "2019/11/08",
        "ARIMA": 64.47727996409999
    },
    {
        "Date": "2019/11/11",
        "ARIMA": 64.9878634834
    },
    {
        "Date": "2019/11/12",
        "ARIMA": 64.9283780249
    },
    {
        "Date": "2019/11/13",
        "ARIMA": 65.550496779
    },
    {
        "Date": "2019/11/14",
        "ARIMA": 65.0969201575
    },
    {
        "Date": "2019/11/15",
        "ARIMA": 65.8702311188
    },
    {
        "Date": "2019/11/18",
        "ARIMA": 66.2023582625
    },
    {
        "Date": "2019/11/19",
        "ARIMA": 66.00159483979999
    },
    {
        "Date": "2019/11/20",
        "ARIMA": 65.233241
    },
    {
        "Date": "2019/11/21",
        "ARIMA": 64.9407708287
    },
    {
        "Date": "2019/11/22",
        "ARIMA": 64.8837639309
    },
    {
        "Date": "2019/11/25",
        "ARIMA": 66.021423326
    },
    {
        "Date": "2019/11/26",
        "ARIMA": 65.5058826851
    },
    {
        "Date": "2019/11/27",
        "ARIMA": 66.3857717597
    },
    {
        "Date": "2019/11/29",
        "ARIMA": 66.2395366741
    },
    {
        "Date": "2019/12/02",
        "ARIMA": 65.473661395
    },
    {
        "Date": "2019/12/03",
        "ARIMA": 64.3062592707
    },
    {
        "Date": "2019/12/04",
        "ARIMA": 64.8738496878
    },
    {
        "Date": "2019/12/05",
        "ARIMA": 65.8256170249
    },
    {
        "Date": "2019/12/06",
        "ARIMA": 67.0971187017
    },
    {
        "Date": "2019/12/09",
        "ARIMA": 66.15774416859999
    },
    {
        "Date": "2019/12/10",
        "ARIMA": 66.5443996492
    },
    {
        "Date": "2019/12/11",
        "ARIMA": 67.1119900664
    },
    {
        "Date": "2019/12/12",
        "ARIMA": 67.24534348125712
    },
    {
        "Date": "2019/12/13",
        "ARIMA": 67.31270557485357
    },
    {
        "Date": "2019/12/16",
        "ARIMA": 68.25284149126334
    },
    {
        "Date": "2019/12/17",
        "ARIMA": 69.3454294349467
    },
    {
        "Date": "2019/12/18",
        "ARIMA": 69.49313149294385
    },
    {
        "Date": "2019/12/19",
        "ARIMA": 69.41865898771293
    },
    {
        "Date": "2019/12/20",
        "ARIMA": 69.5431613002511
    },
    {
        "Date": "2019/12/23",
        "ARIMA": 69.383871066243
    },
    {
        "Date": "2019/12/24",
        "ARIMA": 70.49953574639568
    },
    {
        "Date": "2019/12/26",
        "ARIMA": 70.44191174046641
    },
    {
        "Date": "2019/12/27",
        "ARIMA": 71.87355484541018
    },
    {
        "Date": "2019/12/30",
        "ARIMA": 71.83554823027063
    },
    {
        "Date": "2019/12/31",
        "ARIMA": 72.31326689918087
    },
    {
        "Date": "2020/01/02",
        "ARIMA": 72.91711296900633
    },
    {
        "Date": "2020/01/03",
        "ARIMA": 74.50693038836134
    },
    {
        "Date": "2020/01/06",
        "ARIMA": 73.7503833591204
    },
    {
        "Date": "2020/01/07",
        "ARIMA": 74.41190564003597
    },
    {
        "Date": "2020/01/08",
        "ARIMA": 74.11302982975772
    },
    {
        "Date": "2020/01/09",
        "ARIMA": 75.24153303966638
    },
    {
        "Date": "2020/01/10",
        "ARIMA": 76.82981865331939
    },
    {
        "Date": "2020/01/13",
        "ARIMA": 76.82731353581914
    },
    {
        "Date": "2020/01/14",
        "ARIMA": 78.66097973121104
    },
    {
        "Date": "2020/01/15",
        "ARIMA": 77.5811797824421
    },
    {
        "Date": "2020/01/16",
        "ARIMA": 77.37778638313014
    },
    {
        "Date": "2020/01/17",
        "ARIMA": 78.38320742240577
    },
    {
        "Date": "2020/01/21",
        "ARIMA": 79.04401161022838
    },
    {
        "Date": "2020/01/22",
        "ARIMA": 78.49573956650535
    },
    {
        "Date": "2020/01/23",
        "ARIMA": 78.80152469869265
    },
    {
        "Date": "2020/01/24",
        "ARIMA": 79.24040516497034
    },
    {
        "Date": "2020/01/27",
        "ARIMA": 78.99512525556796
    },
    {
        "Date": "2020/01/28",
        "ARIMA": 76.69473450685423
    },
    {
        "Date": "2020/01/29",
        "ARIMA": 78.92124234094503
    },
    {
        "Date": "2020/01/30",
        "ARIMA": 80.34532581815633
    },
    {
        "Date": "2020/01/31",
        "ARIMA": 80.08161137370118
    },
    {
        "Date": "2020/02/03",
        "ARIMA": 76.84167240262397
    },
    {
        "Date": "2020/02/04",
        "ARIMA": 76.95520998971931
    },
    {
        "Date": "2020/02/05",
        "ARIMA": 79.38029498573377
    },
    {
        "Date": "2020/02/06",
        "ARIMA": 79.26729472623117
    },
    {
        "Date": "2020/02/07",
        "ARIMA": 80.33423924503307
    },
    {
        "Date": "2020/02/10",
        "ARIMA": 79.47717806906314
    },
    {
        "Date": "2020/02/11",
        "ARIMA": 80.18180196802567
    },
    {
        "Date": "2020/02/12",
        "ARIMA": 79.68979074359625
    },
    {
        "Date": "2020/02/13",
        "ARIMA": 81.36536514874228
    },
    {
        "Date": "2020/02/14",
        "ARIMA": 80.67133497333343
    },
    {
        "Date": "2020/02/18",
        "ARIMA": 80.68632190054058
    },
    {
        "Date": "2020/02/19",
        "ARIMA": 79.52843002116848
    },
    {
        "Date": "2020/02/20",
        "ARIMA": 80.59519391651477
    },
    {
        "Date": "2020/02/21",
        "ARIMA": 79.74807102584029
    },
    {
        "Date": "2020/02/24",
        "ARIMA": 77.74130865070286
    },
    {
        "Date": "2020/02/25",
        "ARIMA": 74.39504956327475
    },
    {
        "Date": "2020/02/26",
        "ARIMA": 71.81550541073247
    },
    {
        "Date": "2020/02/27",
        "ARIMA": 73.0452095178788
    },
    {
        "Date": "2020/02/28",
        "ARIMA": 67.34641934946546
    },
    {
        "Date": "2020/03/02",
        "ARIMA": 67.534518657937
    },
    {
        "Date": "2020/03/03",
        "ARIMA": 74.42647649475933
    },
    {
        "Date": "2020/03/04",
        "ARIMA": 70.9157438765587
    },
    {
        "Date": "2020/03/05",
        "ARIMA": 75.21804206845418
    },
    {
        "Date": "2020/03/06",
        "ARIMA": 72.98151630008509
    },
    {
        "Date": "2020/03/09",
        "ARIMA": 72.44644041576952
    },
    {
        "Date": "2020/03/10",
        "ARIMA": 66.78470322700349
    },
    {
        "Date": "2020/03/11",
        "ARIMA": 70.4334144790217
    },
    {
        "Date": "2020/03/12",
        "ARIMA": 69.30279948693676
    },
    {
        "Date": "2020/03/13",
        "ARIMA": 61.857198026847826
    },
    {
        "Date": "2020/03/16",
        "ARIMA": 68.79751206982273
    },
    {
        "Date": "2020/03/17",
        "ARIMA": 61.85112564535384
    },
    {
        "Date": "2020/03/18",
        "ARIMA": 63.043338663629115
    },
    {
        "Date": "2020/03/19",
        "ARIMA": 60.50322512769046
    },
    {
        "Date": "2020/03/20",
        "ARIMA": 61.90505796759463
    },
    {
        "Date": "2020/03/23",
        "ARIMA": 57.90565161615877
    },
    {
        "Date": "2020/03/24",
        "ARIMA": 55.89742595508356
    },
    {
        "Date": "2020/03/25",
        "ARIMA": 59.618293462873524
    },
    {
        "Date": "2020/03/26",
        "ARIMA": 60.94225934240782
    },
    {
        "Date": "2020/03/27",
        "ARIMA": 63.60215548573004
    },
    {
        "Date": "2020/03/30",
        "ARIMA": 62.3162094693184
    },
    {
        "Date": "2020/03/31",
        "ARIMA": 63.37740756162757
    },
    {
        "Date": "2020/04/01",
        "ARIMA": 62.92125176209942
    },
    {
        "Date": "2020/04/02",
        "ARIMA": 60.94124625549788
    },
    {
        "Date": "2020/04/03",
        "ARIMA": 60.28837207939582
    },
    {
        "Date": "2020/04/06",
        "ARIMA": 60.39425219612544
    },
    {
        "Date": "2020/04/07",
        "ARIMA": 63.87953265235232
    },
    {
        "Date": "2020/04/08",
        "ARIMA": 64.5054297294817
    },
    {
        "Date": "2020/04/09",
        "ARIMA": 66.18124111825836
    },
    {
        "Date": "2020/04/13",
        "ARIMA": 66.34786004474472
    },
    {
        "Date": "2020/04/14",
        "ARIMA": 68.00784836007017
    },
    {
        "Date": "2020/04/15",
        "ARIMA": 70.1349020166562
    },
    {
        "Date": "2020/04/16",
        "ARIMA": 71.16247310425052
    },
    {
        "Date": "2020/04/17",
        "ARIMA": 71.14000900847242
    },
    {
        "Date": "2020/04/20",
        "ARIMA": 70.59351379566294
    },
    {
        "Date": "2020/04/21",
        "ARIMA": 69.29355220286891
    },
    {
        "Date": "2020/04/22",
        "ARIMA": 66.78352481211405
    },
    {
        "Date": "2020/04/23",
        "ARIMA": 68.24246414888219
    },
    {
        "Date": "2020/04/24",
        "ARIMA": 68.36132124200512
    },
    {
        "Date": "2020/04/27",
        "ARIMA": 69.97874882258832
    },
    {
        "Date": "2020/04/28",
        "ARIMA": 70.44346162176717
    },
    {
        "Date": "2020/04/29",
        "ARIMA": 69.8365790460829
    },
    {
        "Date": "2020/04/30",
        "ARIMA": 70.8019742189747
    },
    {
        "Date": "2020/05/01",
        "ARIMA": 72.88198030199223
    },
    {
        "Date": "2020/05/04",
        "ARIMA": 72.06936920271684
    },
    {
        "Date": "2020/05/05",
        "ARIMA": 72.59251792557163
    },
    {
        "Date": "2020/05/06",
        "ARIMA": 73.94108380934739
    },
    {
        "Date": "2020/05/07",
        "ARIMA": 74.53701346110975
    },
    {
        "Date": "2020/05/08",
        "ARIMA": 75.21257951456494
    },
    {
        "Date": "2020/05/11",
        "ARIMA": 77.1103863346519
    },
    {
        "Date": "2020/05/12",
        "ARIMA": 78.32809748460906
    },
    {
        "Date": "2020/05/13",
        "ARIMA": 77.87639096698942
    },
    {
        "Date": "2020/05/14",
        "ARIMA": 76.89832944295513
    },
    {
        "Date": "2020/05/15",
        "ARIMA": 77.0666551793944
    },
    {
        "Date": "2020/05/18",
        "ARIMA": 76.73424084682229
    },
    {
        "Date": "2020/05/19",
        "ARIMA": 78.00253238618266
    },
    {
        "Date": "2020/05/20",
        "ARIMA": 78.22102818145142
    },
    {
        "Date": "2020/05/21",
        "ARIMA": 79.3989885824992
    },
    {
        "Date": "2020/05/22",
        "ARIMA": 79.08956504646518
    },
    {
        "Date": "2020/05/26",
        "ARIMA": 79.55696284404746
    },
    {
        "Date": "2020/05/27",
        "ARIMA": 78.92193045186221
    },
    {
        "Date": "2020/05/28",
        "ARIMA": 79.35940753191198
    },
    {
        "Date": "2020/05/29",
        "ARIMA": 79.1940997766238
    },
    {
        "Date": "2020/06/01",
        "ARIMA": 79.37786058386479
    },
    {
        "Date": "2020/06/02",
        "ARIMA": 79.9671937776509
    },
    {
        "Date": "2020/06/03",
        "ARIMA": 80.62426398597158
    },
    {
        "Date": "2020/06/04",
        "ARIMA": 80.97716089224721
    },
    {
        "Date": "2020/06/05",
        "ARIMA": 80.53043981748633
    },
    {
        "Date": "2020/06/08",
        "ARIMA": 82.20021221849053
    },
    {
        "Date": "2020/06/09",
        "ARIMA": 83.02579305275593
    },
    {
        "Date": "2020/06/10",
        "ARIMA": 85.26864194150254
    },
    {
        "Date": "2020/06/11",
        "ARIMA": 87.55021506652724
    },
    {
        "Date": "2020/06/12",
        "ARIMA": 84.97534346894604
    },
    {
        "Date": "2020/06/15",
        "ARIMA": 84.1019987010427
    },
    {
        "Date": "2020/06/16",
        "ARIMA": 85.31383433092027
    },
    {
        "Date": "2020/06/17",
        "ARIMA": 87.31335848068146
    },
    {
        "Date": "2020/06/18",
        "ARIMA": 87.31024359877908
    },
    {
        "Date": "2020/06/19",
        "ARIMA": 88.05230795931834
    },
    {
        "Date": "2020/06/22",
        "ARIMA": 87.32299432268583
    },
    {
        "Date": "2020/06/23",
        "ARIMA": 89.08109404764186
    },
    {
        "Date": "2020/06/24",
        "ARIMA": 90.88374283394224
    },
    {
        "Date": "2020/06/25",
        "ARIMA": 90.18813631645429
    },
    {
        "Date": "2020/06/26",
        "ARIMA": 90.68136148618788
    },
    {
        "Date": "2020/06/29",
        "ARIMA": 88.99005496436705
    },
    {
        "Date": "2020/06/30",
        "ARIMA": 89.74908770025728
    },
    {
        "Date": "2020/07/01",
        "ARIMA": 90.57131764810772
    },
    {
        "Date": "2020/07/02",
        "ARIMA": 91.05884670274297
    },
    {
        "Date": "2020/07/06",
        "ARIMA": 90.49249864887979
    },
    {
        "Date": "2020/07/07",
        "ARIMA": 92.99100648410403
    },
    {
        "Date": "2020/07/08",
        "ARIMA": 92.98024431579256
    },
    {
        "Date": "2020/07/09",
        "ARIMA": 94.58723369817766
    },
    {
        "Date": "2020/07/10",
        "ARIMA": 95.46363539954957
    },
    {
        "Date": "2020/07/13",
        "ARIMA": 95.85729955808799
    },
    {
        "Date": "2020/07/14",
        "ARIMA": 95.19599415847446
    },
    {
        "Date": "2020/07/15",
        "ARIMA": 96.6364828191482
    },
    {
        "Date": "2020/07/16",
        "ARIMA": 97.2910794937726
    },
    {
        "Date": "2020/07/17",
        "ARIMA": 96.56216420665041
    },
    {
        "Date": "2020/07/20",
        "ARIMA": 96.07605506295995
    },
    {
        "Date": "2020/07/21",
        "ARIMA": 97.79289258155336
    },
    {
        "Date": "2020/07/22",
        "ARIMA": 97.05088087716196
    },
    {
        "Date": "2020/07/23",
        "ARIMA": 96.85099391230207
    },
    {
        "Date": "2020/07/24",
        "ARIMA": 93.64295660165139
    },
    {
        "Date": "2020/07/27",
        "ARIMA": 92.5086476250435
    },
    {
        "Date": "2020/07/28",
        "ARIMA": 93.86373838046511
    },
    {
        "Date": "2020/07/29",
        "ARIMA": 93.45511946816778
    },
    {
        "Date": "2020/07/30",
        "ARIMA": 94.01763611180033
    },
    {
        "Date": "2020/07/31",
        "ARIMA": 95.90190311639913
    },
    {
        "Date": "2020/08/03",
        "ARIMA": 104.16382927212722
    },
    {
        "Date": "2020/08/04",
        "ARIMA": 108.3583666321665
    },
    {
        "Date": "2020/08/05",
        "ARIMA": 109.82196616845198
    },
    {
        "Date": "2020/08/06",
        "ARIMA": 109.78952275076314
    },
    {
        "Date": "2020/08/07",
        "ARIMA": 113.9095551797203
    },
    {
        "Date": "2020/08/10",
        "ARIMA": 110.80860324840152
    },
    {
        "Date": "2020/08/11",
        "ARIMA": 112.15260777759383
    },
    {
        "Date": "2020/08/12",
        "ARIMA": 110.01595396988249
    },
    {
        "Date": "2020/08/13",
        "ARIMA": 112.18748234455896
    },
    {
        "Date": "2020/08/14",
        "ARIMA": 114.2945289018217
    },
    {
        "Date": "2020/08/17",
        "ARIMA": 115.21040154158611
    },
    {
        "Date": "2020/08/18",
        "ARIMA": 114.36667227606948
    },
    {
        "Date": "2020/08/19",
        "ARIMA": 115.91649959804566
    },
    {
        "Date": "2020/08/20",
        "ARIMA": 115.47176898252843
    },
    {
        "Date": "2020/08/21",
        "ARIMA": 117.59711773045493
    },
    {
        "Date": "2020/08/24",
        "ARIMA": 123.4909059896292
    },
    {
        "Date": "2020/08/25",
        "ARIMA": 126.08170080782266
    },
    {
        "Date": "2020/08/26",
        "ARIMA": 125.08632571000378
    },
    {
        "Date": "2020/08/27",
        "ARIMA": 126.56866355247327
    },
    {
        "Date": "2020/08/28",
        "ARIMA": 125.51519931422828
    },
    {
        "Date": "2020/08/31",
        "ARIMA": 124.31734610001209
    },
    {
        "Date": "2020/09/01",
        "ARIMA": 128.1611277254774
    },
    {
        "Date": "2020/09/02",
        "ARIMA": 133.7126101516085
    },
    {
        "Date": "2020/09/03",
        "ARIMA": 131.83518685333993
    },
    {
        "Date": "2020/09/04",
        "ARIMA": 122.20397931015906
    },
    {
        "Date": "2020/09/08",
        "ARIMA": 121.4655821659831
    },
    {
        "Date": "2020/09/09",
        "ARIMA": 113.79185842435153
    },
    {
        "Date": "2020/09/10",
        "ARIMA": 115.88505261312666
    },
    {
        "Date": "2020/09/11",
        "ARIMA": 114.03078737652945
    },
    {
        "Date": "2020/09/14",
        "ARIMA": 112.0460961757816
    },
    {
        "Date": "2020/09/15",
        "ARIMA": 114.16953210724866
    },
    {
        "Date": "2020/09/16",
        "ARIMA": 116.54083067684007
    },
    {
        "Date": "2020/09/17",
        "ARIMA": 112.03118716377682
    },
    {
        "Date": "2020/09/18",
        "ARIMA": 110.40303244142667
    },
    {
        "Date": "2020/09/21",
        "ARIMA": 107.41494935410854
    },
    {
        "Date": "2020/09/22",
        "ARIMA": 109.28512222833027
    },
    {
        "Date": "2020/09/23",
        "ARIMA": 111.5555809214043
    },
    {
        "Date": "2020/09/24",
        "ARIMA": 107.59771226017783
    },
    {
        "Date": "2020/09/25",
        "ARIMA": 107.49922012405277
    },
    {
        "Date": "2020/09/28",
        "ARIMA": 112.1796523417222
    },
    {
        "Date": "2020/09/29",
        "ARIMA": 114.57661074341043
    },
    {
        "Date": "2020/09/30",
        "ARIMA": 113.6871079587062
    },
    {
        "Date": "2020/10/01",
        "ARIMA": 115.80504781373588
    },
    {
        "Date": "2020/10/02",
        "ARIMA": 116.96578753344235
    },
    {
        "Date": "2020/10/05",
        "ARIMA": 113.3612169224841
    },
    {
        "Date": "2020/10/06",
        "ARIMA": 115.65156934258493
    },
    {
        "Date": "2020/10/07",
        "ARIMA": 113.9008612828905
    },
    {
        "Date": "2020/10/08",
        "ARIMA": 114.4716944994555
    },
    {
        "Date": "2020/10/09",
        "ARIMA": 114.76553948089959
    },
    {
        "Date": "2020/10/12",
        "ARIMA": 116.92060527267682
    },
    {
        "Date": "2020/10/13",
        "ARIMA": 122.97033319633977
    },
    {
        "Date": "2020/10/14",
        "ARIMA": 122.13865535971432
    },
    {
        "Date": "2020/10/15",
        "ARIMA": 120.7277325204073
    },
    {
        "Date": "2020/10/16",
        "ARIMA": 120.9127637534727
    },
    {
        "Date": "2020/10/19",
        "ARIMA": 119.60183878034583
    },
    {
        "Date": "2020/10/20",
        "ARIMA": 115.53054851268253
    },
    {
        "Date": "2020/10/21",
        "ARIMA": 117.33599702860569
    },
    {
        "Date": "2020/10/22",
        "ARIMA": 116.94477450139274
    },
    {
        "Date": "2020/10/23",
        "ARIMA": 115.72578564509992
    },
    {
        "Date": "2020/10/26",
        "ARIMA": 114.94691160330868
    },
    {
        "Date": "2020/10/27",
        "ARIMA": 115.22059958202938
    },
    {
        "Date": "2020/10/28",
        "ARIMA": 116.178839991429
    },
    {
        "Date": "2020/10/29",
        "ARIMA": 111.91307343607677
    },
    {
        "Date": "2020/10/30",
        "ARIMA": 114.42757270967263
    },
    {
        "Date": "2020/11/02",
        "ARIMA": 110.14117186593757
    },
    {
        "Date": "2020/11/03",
        "ARIMA": 108.42803225708377
    },
    {
        "Date": "2020/11/04",
        "ARIMA": 109.65828108502168
    },
    {
        "Date": "2020/11/05",
        "ARIMA": 114.76181932539862
    },
    {
        "Date": "2020/11/06",
        "ARIMA": 117.91746734392095
    },
    {
        "Date": "2020/11/09",
        "ARIMA": 119.38301241339744
    },
    {
        "Date": "2020/11/10",
        "ARIMA": 116.67282456962006
    },
    {
        "Date": "2020/11/11",
        "ARIMA": 116.10001407557365
    },
    {
        "Date": "2020/11/12",
        "ARIMA": 119.17627026395684
    },
    {
        "Date": "2020/11/13",
        "ARIMA": 119.31031360878033
    },
    {
        "Date": "2020/11/16",
        "ARIMA": 119.11636831412547
    },
    {
        "Date": "2020/11/17",
        "ARIMA": 120.36693626413644
    },
    {
        "Date": "2020/11/18",
        "ARIMA": 119.91646905956944
    },
    {
        "Date": "2020/11/19",
        "ARIMA": 118.06845166307671
    },
    {
        "Date": "2020/11/20",
        "ARIMA": 118.65497264075917
    },
    {
        "Date": "2020/11/23",
        "ARIMA": 117.77446381839694
    },
    {
        "Date": "2020/11/24",
        "ARIMA": 114.2914891068255
    },
    {
        "Date": "2020/11/25",
        "ARIMA": 114.96383705648908
    },
    {
        "Date": "2020/11/27",
        "ARIMA": 116.28270500921303
    },
    {
        "Date": "2020/11/30",
        "ARIMA": 116.55667949201523
    },
    {
        "Date": "2020/12/01",
        "ARIMA": 118.69680429216233
    },
    {
        "Date": "2020/12/02",
        "ARIMA": 122.68305593454794
    },
    {
        "Date": "2020/12/03",
        "ARIMA": 123.20232758100127
    },
    {
        "Date": "2020/12/04",
        "ARIMA": 122.9555906316121
    },
    {
        "Date": "2020/12/07",
        "ARIMA": 122.47589487447274
    },
    {
        "Date": "2020/12/08",
        "ARIMA": 123.66711733540332
    },
    {
        "Date": "2020/12/09",
        "ARIMA": 124.30534974469413
    },
    {
        "Date": "2020/12/10",
        "ARIMA": 122.22253428262219
    },
    {
        "Date": "2020/12/11",
        "ARIMA": 123.01738159647914
    },
    {
        "Date": "2020/12/14",
        "ARIMA": 122.86992540306107
    },
    {
        "Date": "2020/12/15",
        "ARIMA": 121.89208842732353
    },
    {
        "Date": "2020/12/16",
        "ARIMA": 126.97127212000244
    },
    {
        "Date": "2020/12/17",
        "ARIMA": 128.40876398091785
    },
    {
        "Date": "2020/12/18",
        "ARIMA": 128.48315616104526
    },
    {
        "Date": "2020/12/21",
        "ARIMA": 127.00696440636926
    },
    {
        "Date": "2020/12/22",
        "ARIMA": 128.36584353296027
    },
    {
        "Date": "2020/12/23",
        "ARIMA": 131.2427743220932
    },
    {
        "Date": "2020/12/24",
        "ARIMA": 131.3848045084465
    },
    {
        "Date": "2020/12/28",
        "ARIMA": 131.6627798577308
    },
    {
        "Date": "2020/12/29",
        "ARIMA": 136.40176361325337
    },
    {
        "Date": "2020/12/30",
        "ARIMA": 135.50143179863554
    },
    {
        "Date": "2020/12/31",
        "ARIMA": 133.63261989835132
    },
    {
        "Date": "2021/01/01",
        "ARIMA": 133.01246008254464
    },
    {
        "Date": "2021/01/02",
        "ARIMA": 133.28078997288029
    },
    {
        "Date": "2021/01/03",
        "ARIMA": 133.0540721301945
    },
    {
        "Date": "2021/01/04",
        "ARIMA": 133.29716909678484
    },
    {
        "Date": "2021/01/05",
        "ARIMA": 133.41057370849572
    },
    {
        "Date": "2021/01/06",
        "ARIMA": 133.61932646486008
    },
    {
        "Date": "2021/01/07",
        "ARIMA": 133.72542684681807
    }
]