[
    {
        "Date": "2017/12/28",
        "ARIMA": 41.1562172311,
        "Adj_close": 41.1562172311
    },
    {
        "Date": "2017/12/29",
        "ARIMA": 40.7111681203,
        "Adj_close": 40.7111681203
    },
    {
        "Date": "2018/01/02",
        "ARIMA": 41.4400863936,
        "Adj_close": 41.4400863936
    },
    {
        "Date": "2018/01/03",
        "ARIMA": 41.432869380999996,
        "Adj_close": 41.432869380999996
    },
    {
        "Date": "2018/01/04",
        "ARIMA": 41.6253230506,
        "Adj_close": 41.6253230506
    },
    {
        "Date": "2018/01/05",
        "ARIMA": 42.0992402118,
        "Adj_close": 42.0992402118
    },
    {
        "Date": "2018/01/08",
        "ARIMA": 41.9428716053,
        "Adj_close": 41.9428716053
    },
    {
        "Date": "2018/01/09",
        "ARIMA": 41.9380602636,
        "Adj_close": 41.9380602636
    },
    {
        "Date": "2018/01/10",
        "ARIMA": 41.9284375801,
        "Adj_close": 41.9284375801
    },
    {
        "Date": "2018/01/11",
        "ARIMA": 42.1665989962,
        "Adj_close": 42.1665989962
    },
    {
        "Date": "2018/01/12",
        "ARIMA": 42.6020254235,
        "Adj_close": 42.6020254235
    },
    {
        "Date": "2018/01/16",
        "ARIMA": 42.385515045300004,
        "Adj_close": 42.385515045300004
    },
    {
        "Date": "2018/01/17",
        "ARIMA": 43.0855652682,
        "Adj_close": 43.0855652682
    },
    {
        "Date": "2018/01/18",
        "ARIMA": 43.1240560021,
        "Adj_close": 43.1240560021
    },
    {
        "Date": "2018/01/19",
        "ARIMA": 42.9316023326,
        "Adj_close": 42.9316023326
    },
    {
        "Date": "2018/01/22",
        "ARIMA": 42.580374385700004,
        "Adj_close": 42.580374385700004
    },
    {
        "Date": "2018/01/23",
        "ARIMA": 42.5899970691,
        "Adj_close": 42.5899970691
    },
    {
        "Date": "2018/01/24",
        "ARIMA": 41.911597884,
        "Adj_close": 41.911597884
    },
    {
        "Date": "2018/01/25",
        "ARIMA": 41.163434243699996,
        "Adj_close": 41.163434243699996
    },
    {
        "Date": "2018/01/26",
        "ARIMA": 41.2596610784,
        "Adj_close": 41.2596610784
    },
    {
        "Date": "2018/01/29",
        "ARIMA": 40.4056479199,
        "Adj_close": 40.4056479199
    },
    {
        "Date": "2018/01/30",
        "ARIMA": 40.1674865038,
        "Adj_close": 40.1674865038
    },
    {
        "Date": "2018/01/31",
        "ARIMA": 40.2781473638,
        "Adj_close": 40.2781473638
    },
    {
        "Date": "2018/02/01",
        "ARIMA": 40.3623458442,
        "Adj_close": 40.3623458442
    },
    {
        "Date": "2018/02/02",
        "ARIMA": 38.6110174514,
        "Adj_close": 38.6110174514
    },
    {
        "Date": "2018/02/05",
        "ARIMA": 37.6463434328,
        "Adj_close": 37.6463434328
    },
    {
        "Date": "2018/02/06",
        "ARIMA": 39.2196521813,
        "Adj_close": 39.2196521813
    },
    {
        "Date": "2018/02/07",
        "ARIMA": 38.380073048,
        "Adj_close": 38.380073048
    },
    {
        "Date": "2018/02/08",
        "ARIMA": 37.3239835364,
        "Adj_close": 37.3239835364
    },
    {
        "Date": "2018/02/09",
        "ARIMA": 37.778655330599996,
        "Adj_close": 37.778655330599996
    },
    {
        "Date": "2018/02/12",
        "ARIMA": 39.3003325161,
        "Adj_close": 39.3003325161
    },
    {
        "Date": "2018/02/13",
        "ARIMA": 39.6940362959,
        "Adj_close": 39.6940362959
    },
    {
        "Date": "2018/02/14",
        "ARIMA": 40.4258905613,
        "Adj_close": 40.4258905613
    },
    {
        "Date": "2018/02/15",
        "ARIMA": 41.7833232252,
        "Adj_close": 41.7833232252
    },
    {
        "Date": "2018/02/16",
        "ARIMA": 41.648063030900005,
        "Adj_close": 41.648063030900005
    },
    {
        "Date": "2018/02/20",
        "ARIMA": 41.5079721154,
        "Adj_close": 41.5079721154
    },
    {
        "Date": "2018/02/21",
        "ARIMA": 41.3195739877,
        "Adj_close": 41.3195739877
    },
    {
        "Date": "2018/02/22",
        "ARIMA": 41.6649705552,
        "Adj_close": 41.6649705552
    },
    {
        "Date": "2018/02/23",
        "ARIMA": 42.389578738800004,
        "Adj_close": 42.389578738800004
    },
    {
        "Date": "2018/02/26",
        "ARIMA": 43.2277088711,
        "Adj_close": 43.2277088711
    },
    {
        "Date": "2018/02/27",
        "ARIMA": 43.0876179556,
        "Adj_close": 43.0876179556
    },
    {
        "Date": "2018/02/28",
        "ARIMA": 43.0224032191,
        "Adj_close": 43.0224032191
    },
    {
        "Date": "2018/03/01",
        "ARIMA": 42.2688107082,
        "Adj_close": 42.2688107082
    },
    {
        "Date": "2018/03/02",
        "ARIMA": 42.5610693422,
        "Adj_close": 42.5610693422
    },
    {
        "Date": "2018/03/05",
        "ARIMA": 42.7084063395,
        "Adj_close": 42.7084063395
    },
    {
        "Date": "2018/03/06",
        "ARIMA": 42.6721759303,
        "Adj_close": 42.6721759303
    },
    {
        "Date": "2018/03/07",
        "ARIMA": 42.27605679,
        "Adj_close": 42.27605679
    },
    {
        "Date": "2018/03/08",
        "ARIMA": 42.7373906669,
        "Adj_close": 42.7373906669
    },
    {
        "Date": "2018/03/09",
        "ARIMA": 43.4716602929,
        "Adj_close": 43.4716602929
    },
    {
        "Date": "2018/03/12",
        "ARIMA": 43.891933039399994,
        "Adj_close": 43.891933039399994
    },
    {
        "Date": "2018/03/13",
        "ARIMA": 43.46924493229999,
        "Adj_close": 43.46924493229999
    },
    {
        "Date": "2018/03/14",
        "ARIMA": 43.0996947587,
        "Adj_close": 43.0996947587
    },
    {
        "Date": "2018/03/15",
        "ARIMA": 43.150417331499995,
        "Adj_close": 43.150417331499995
    },
    {
        "Date": "2018/03/16",
        "ARIMA": 42.998249613,
        "Adj_close": 42.998249613
    },
    {
        "Date": "2018/03/19",
        "ARIMA": 42.3412715265,
        "Adj_close": 42.3412715265
    },
    {
        "Date": "2018/03/20",
        "ARIMA": 42.3267793628,
        "Adj_close": 42.3267793628
    },
    {
        "Date": "2018/03/21",
        "ARIMA": 41.3678811999,
        "Adj_close": 41.3678811999
    },
    {
        "Date": "2018/03/22",
        "ARIMA": 40.7833639318,
        "Adj_close": 40.7833639318
    },
    {
        "Date": "2018/03/23",
        "ARIMA": 39.8389579326,
        "Adj_close": 39.8389579326
    },
    {
        "Date": "2018/03/26",
        "ARIMA": 41.7301852917,
        "Adj_close": 41.7301852917
    },
    {
        "Date": "2018/03/27",
        "ARIMA": 40.6601805406,
        "Adj_close": 40.6601805406
    },
    {
        "Date": "2018/03/28",
        "ARIMA": 40.2109234668,
        "Adj_close": 40.2109234668
    },
    {
        "Date": "2018/03/29",
        "ARIMA": 40.5249203464,
        "Adj_close": 40.5249203464
    },
    {
        "Date": "2018/04/02",
        "ARIMA": 40.2592306791,
        "Adj_close": 40.2592306791
    },
    {
        "Date": "2018/04/03",
        "ARIMA": 40.6722573437,
        "Adj_close": 40.6722573437
    },
    {
        "Date": "2018/04/04",
        "ARIMA": 41.4500034607,
        "Adj_close": 41.4500034607
    },
    {
        "Date": "2018/04/05",
        "ARIMA": 41.7374313735,
        "Adj_close": 41.7374313735
    },
    {
        "Date": "2018/04/06",
        "ARIMA": 40.6698419831,
        "Adj_close": 40.6698419831
    },
    {
        "Date": "2018/04/09",
        "ARIMA": 41.0732072053,
        "Adj_close": 41.0732072053
    },
    {
        "Date": "2018/04/10",
        "ARIMA": 41.8461226011,
        "Adj_close": 41.8461226011
    },
    {
        "Date": "2018/04/11",
        "ARIMA": 41.6504783915,
        "Adj_close": 41.6504783915
    },
    {
        "Date": "2018/04/12",
        "ARIMA": 42.0610896955,
        "Adj_close": 42.0610896955
    },
    {
        "Date": "2018/04/13",
        "ARIMA": 42.203595971599995,
        "Adj_close": 42.203595971599995
    },
    {
        "Date": "2018/04/16",
        "ARIMA": 42.4668702783,
        "Adj_close": 42.4668702783
    },
    {
        "Date": "2018/04/17",
        "ARIMA": 43.0513875464,
        "Adj_close": 43.0513875464
    },
    {
        "Date": "2018/04/18",
        "ARIMA": 42.9547731219,
        "Adj_close": 42.9547731219
    },
    {
        "Date": "2018/04/19",
        "ARIMA": 41.7374313735,
        "Adj_close": 41.7374313735
    },
    {
        "Date": "2018/04/20",
        "ARIMA": 40.0273560603,
        "Adj_close": 40.0273560603
    },
    {
        "Date": "2018/04/23",
        "ARIMA": 39.911418751,
        "Adj_close": 39.911418751
    },
    {
        "Date": "2018/04/24",
        "ARIMA": 39.3558858102,
        "Adj_close": 39.3558858102
    },
    {
        "Date": "2018/04/25",
        "ARIMA": 39.5273764137,
        "Adj_close": 39.5273764137
    },
    {
        "Date": "2018/04/26",
        "ARIMA": 39.6650519685,
        "Adj_close": 39.6650519685
    },
    {
        "Date": "2018/04/27",
        "ARIMA": 39.2061334523,
        "Adj_close": 39.2061334523
    },
    {
        "Date": "2018/04/30",
        "ARIMA": 39.9162494722,
        "Adj_close": 39.9162494722
    },
    {
        "Date": "2018/05/01",
        "ARIMA": 40.8437479471,
        "Adj_close": 40.8437479471
    },
    {
        "Date": "2018/05/02",
        "ARIMA": 42.6480223242,
        "Adj_close": 42.6480223242
    },
    {
        "Date": "2018/05/03",
        "ARIMA": 42.725313863800004,
        "Adj_close": 42.725313863800004
    },
    {
        "Date": "2018/05/04",
        "ARIMA": 44.4015741285,
        "Adj_close": 44.4015741285
    },
    {
        "Date": "2018/05/07",
        "ARIMA": 44.722817089799996,
        "Adj_close": 44.722817089799996
    },
    {
        "Date": "2018/05/08",
        "ARIMA": 44.9377841843,
        "Adj_close": 44.9377841843
    },
    {
        "Date": "2018/05/09",
        "ARIMA": 45.254196424499995,
        "Adj_close": 45.254196424499995
    },
    {
        "Date": "2018/05/10",
        "ARIMA": 45.9015130684,
        "Adj_close": 45.9015130684
    },
    {
        "Date": "2018/05/11",
        "ARIMA": 45.72760710439999,
        "Adj_close": 45.72760710439999
    },
    {
        "Date": "2018/05/14",
        "ARIMA": 45.6209198616,
        "Adj_close": 45.6209198616
    },
    {
        "Date": "2018/05/15",
        "ARIMA": 45.2062944405,
        "Adj_close": 45.2062944405
    },
    {
        "Date": "2018/05/16",
        "ARIMA": 45.6281939918,
        "Adj_close": 45.6281939918
    },
    {
        "Date": "2018/05/17",
        "ARIMA": 45.3396534941,
        "Adj_close": 45.3396534941
    },
    {
        "Date": "2018/05/18",
        "ARIMA": 45.1747732097,
        "Adj_close": 45.1747732097
    },
    {
        "Date": "2018/05/21",
        "ARIMA": 45.4948349382,
        "Adj_close": 45.4948349382
    },
    {
        "Date": "2018/05/22",
        "ARIMA": 45.380873565200005,
        "Adj_close": 45.380873565200005
    },
    {
        "Date": "2018/05/23",
        "ARIMA": 45.6718387729,
        "Adj_close": 45.6718387729
    },
    {
        "Date": "2018/05/24",
        "ARIMA": 45.6209198616,
        "Adj_close": 45.6209198616
    },
    {
        "Date": "2018/05/25",
        "ARIMA": 45.725182394300006,
        "Adj_close": 45.725182394300006
    },
    {
        "Date": "2018/05/29",
        "ARIMA": 45.5603021099,
        "Adj_close": 45.5603021099
    },
    {
        "Date": "2018/05/30",
        "ARIMA": 45.4633137074,
        "Adj_close": 45.4633137074
    },
    {
        "Date": "2018/05/31",
        "ARIMA": 45.3105569733,
        "Adj_close": 45.3105569733
    },
    {
        "Date": "2018/06/01",
        "ARIMA": 46.127684265,
        "Adj_close": 46.127684265
    },
    {
        "Date": "2018/06/04",
        "ARIMA": 46.513213165299995,
        "Adj_close": 46.513213165299995
    },
    {
        "Date": "2018/06/05",
        "ARIMA": 46.87207025479999,
        "Adj_close": 46.87207025479999
    },
    {
        "Date": "2018/06/06",
        "ARIMA": 47.0345258291,
        "Adj_close": 47.0345258291
    },
    {
        "Date": "2018/06/07",
        "ARIMA": 46.9084409058,
        "Adj_close": 46.9084409058
    },
    {
        "Date": "2018/06/08",
        "ARIMA": 46.4816919344,
        "Adj_close": 46.4816919344
    },
    {
        "Date": "2018/06/11",
        "ARIMA": 46.3677305614,
        "Adj_close": 46.3677305614
    },
    {
        "Date": "2018/06/12",
        "ARIMA": 46.622325118199996,
        "Adj_close": 46.622325118199996
    },
    {
        "Date": "2018/06/13",
        "ARIMA": 46.239220928,
        "Adj_close": 46.239220928
    },
    {
        "Date": "2018/06/14",
        "ARIMA": 46.263468028599995,
        "Adj_close": 46.263468028599995
    },
    {
        "Date": "2018/06/15",
        "ARIMA": 45.78822485600001,
        "Adj_close": 45.78822485600001
    },
    {
        "Date": "2018/06/18",
        "ARIMA": 45.7639777554,
        "Adj_close": 45.7639777554
    },
    {
        "Date": "2018/06/19",
        "ARIMA": 45.0244411857,
        "Adj_close": 45.0244411857
    },
    {
        "Date": "2018/06/20",
        "ARIMA": 45.2208427009,
        "Adj_close": 45.2208427009
    },
    {
        "Date": "2018/06/21",
        "ARIMA": 44.9686728542,
        "Adj_close": 44.9686728542
    },
    {
        "Date": "2018/06/22",
        "ARIMA": 44.8377385108,
        "Adj_close": 44.8377385108
    },
    {
        "Date": "2018/06/25",
        "ARIMA": 44.170943243100005,
        "Adj_close": 44.170943243100005
    },
    {
        "Date": "2018/06/26",
        "ARIMA": 44.7189277176,
        "Adj_close": 44.7189277176
    },
    {
        "Date": "2018/06/27",
        "ARIMA": 44.6534605459,
        "Adj_close": 44.6534605459
    },
    {
        "Date": "2018/06/28",
        "ARIMA": 44.9783716945,
        "Adj_close": 44.9783716945
    },
    {
        "Date": "2018/06/29",
        "ARIMA": 44.883808001999995,
        "Adj_close": 44.883808001999995
    },
    {
        "Date": "2018/07/02",
        "ARIMA": 45.3857229853,
        "Adj_close": 45.3857229853
    },
    {
        "Date": "2018/07/03",
        "ARIMA": 44.595267504300004,
        "Adj_close": 44.595267504300004
    },
    {
        "Date": "2018/07/05",
        "ARIMA": 44.954124593900005,
        "Adj_close": 44.954124593900005
    },
    {
        "Date": "2018/07/06",
        "ARIMA": 45.5772750804,
        "Adj_close": 45.5772750804
    },
    {
        "Date": "2018/07/09",
        "ARIMA": 46.210124407200006,
        "Adj_close": 46.210124407200006
    },
    {
        "Date": "2018/07/10",
        "ARIMA": 46.154356075699994,
        "Adj_close": 46.154356075699994
    },
    {
        "Date": "2018/07/11",
        "ARIMA": 45.55545268979999,
        "Adj_close": 45.55545268979999
    },
    {
        "Date": "2018/07/12",
        "ARIMA": 46.3192363601,
        "Adj_close": 46.3192363601
    },
    {
        "Date": "2018/07/13",
        "ARIMA": 46.391977661999995,
        "Adj_close": 46.391977661999995
    },
    {
        "Date": "2018/07/16",
        "ARIMA": 46.290139839300004,
        "Adj_close": 46.290139839300004
    },
    {
        "Date": "2018/07/17",
        "ARIMA": 46.4210741828,
        "Adj_close": 46.4210741828
    },
    {
        "Date": "2018/07/18",
        "ARIMA": 46.166479626000005,
        "Adj_close": 46.166479626000005
    },
    {
        "Date": "2018/07/19",
        "ARIMA": 46.525336715600005,
        "Adj_close": 46.525336715600005
    },
    {
        "Date": "2018/07/20",
        "ARIMA": 46.418649472700004,
        "Adj_close": 46.418649472700004
    },
    {
        "Date": "2018/07/23",
        "ARIMA": 46.459869543800004,
        "Adj_close": 46.459869543800004
    },
    {
        "Date": "2018/07/24",
        "ARIMA": 46.7969042428,
        "Adj_close": 46.7969042428
    },
    {
        "Date": "2018/07/25",
        "ARIMA": 47.238201474499995,
        "Adj_close": 47.238201474499995
    },
    {
        "Date": "2018/07/26",
        "ARIMA": 47.0902941606,
        "Adj_close": 47.0902941606
    },
    {
        "Date": "2018/07/27",
        "ARIMA": 46.307112809799996,
        "Adj_close": 46.307112809799996
    },
    {
        "Date": "2018/07/30",
        "ARIMA": 46.0476688329,
        "Adj_close": 46.0476688329
    },
    {
        "Date": "2018/07/31",
        "ARIMA": 46.139807815299996,
        "Adj_close": 46.139807815299996
    },
    {
        "Date": "2018/08/01",
        "ARIMA": 48.8579077975,
        "Adj_close": 48.8579077975
    },
    {
        "Date": "2018/08/02",
        "ARIMA": 50.2860620255,
        "Adj_close": 50.2860620255
    },
    {
        "Date": "2018/08/03",
        "ARIMA": 50.43154462930001,
        "Adj_close": 50.43154462930001
    },
    {
        "Date": "2018/08/06",
        "ARIMA": 50.6934133163,
        "Adj_close": 50.6934133163
    },
    {
        "Date": "2018/08/07",
        "ARIMA": 50.2181701436,
        "Adj_close": 50.2181701436
    },
    {
        "Date": "2018/08/08",
        "ARIMA": 50.2521160846,
        "Adj_close": 50.2521160846
    },
    {
        "Date": "2018/08/09",
        "ARIMA": 50.647343825,
        "Adj_close": 50.647343825
    },
    {
        "Date": "2018/08/10",
        "ARIMA": 50.497011801099994,
        "Adj_close": 50.497011801099994
    },
    {
        "Date": "2018/08/13",
        "ARIMA": 50.8230658454,
        "Adj_close": 50.8230658454
    },
    {
        "Date": "2018/08/14",
        "ARIMA": 51.037190889399994,
        "Adj_close": 51.037190889399994
    },
    {
        "Date": "2018/08/15",
        "ARIMA": 51.1564196071,
        "Adj_close": 51.1564196071
    },
    {
        "Date": "2018/08/16",
        "ARIMA": 51.905857261099996,
        "Adj_close": 51.905857261099996
    },
    {
        "Date": "2018/08/17",
        "ARIMA": 52.9424171333,
        "Adj_close": 52.9424171333
    },
    {
        "Date": "2018/08/20",
        "ARIMA": 52.426570436300004,
        "Adj_close": 52.426570436300004
    },
    {
        "Date": "2018/08/21",
        "ARIMA": 52.3243743926,
        "Adj_close": 52.3243743926
    },
    {
        "Date": "2018/08/22",
        "ARIMA": 52.3268076317,
        "Adj_close": 52.3268076317
    },
    {
        "Date": "2018/08/23",
        "ARIMA": 52.4338701538,
        "Adj_close": 52.4338701538
    },
    {
        "Date": "2018/08/24",
        "ARIMA": 52.596897175900004,
        "Adj_close": 52.596897175900004
    },
    {
        "Date": "2018/08/27",
        "ARIMA": 53.030013742200005,
        "Adj_close": 53.030013742200005
    },
    {
        "Date": "2018/08/28",
        "ARIMA": 53.4582638302,
        "Adj_close": 53.4582638302
    },
    {
        "Date": "2018/08/29",
        "ARIMA": 54.256366267,
        "Adj_close": 54.256366267
    },
    {
        "Date": "2018/08/30",
        "ARIMA": 54.75518029,
        "Adj_close": 54.75518029
    },
    {
        "Date": "2018/08/31",
        "ARIMA": 55.3878224655,
        "Adj_close": 55.3878224655
    },
    {
        "Date": "2018/09/04",
        "ARIMA": 55.5654489225,
        "Adj_close": 55.5654489225
    },
    {
        "Date": "2018/09/05",
        "ARIMA": 55.2028962912,
        "Adj_close": 55.2028962912
    },
    {
        "Date": "2018/09/06",
        "ARIMA": 54.2855651367,
        "Adj_close": 54.2855651367
    },
    {
        "Date": "2018/09/07",
        "ARIMA": 53.8475820921,
        "Adj_close": 53.8475820921
    },
    {
        "Date": "2018/09/10",
        "ARIMA": 53.12491006850001,
        "Adj_close": 53.12491006850001
    },
    {
        "Date": "2018/09/11",
        "ARIMA": 54.468058071899996,
        "Adj_close": 54.468058071899996
    },
    {
        "Date": "2018/09/12",
        "ARIMA": 53.791617592,
        "Adj_close": 53.791617592
    },
    {
        "Date": "2018/09/13",
        "ARIMA": 55.090967290900004,
        "Adj_close": 55.090967290900004
    },
    {
        "Date": "2018/09/14",
        "ARIMA": 54.465624832799996,
        "Adj_close": 54.465624832799996
    },
    {
        "Date": "2018/09/17",
        "ARIMA": 53.0154143074,
        "Adj_close": 53.0154143074
    },
    {
        "Date": "2018/09/18",
        "ARIMA": 53.1030109163,
        "Adj_close": 53.1030109163
    },
    {
        "Date": "2018/09/19",
        "ARIMA": 53.134643025100004,
        "Adj_close": 53.134643025100004
    },
    {
        "Date": "2018/09/20",
        "ARIMA": 53.5385607218,
        "Adj_close": 53.5385607218
    },
    {
        "Date": "2018/09/21",
        "ARIMA": 52.961883046400004,
        "Adj_close": 52.961883046400004
    },
    {
        "Date": "2018/09/24",
        "ARIMA": 53.7234868961,
        "Adj_close": 53.7234868961
    },
    {
        "Date": "2018/09/25",
        "ARIMA": 54.0641403753,
        "Adj_close": 54.0641403753
    },
    {
        "Date": "2018/09/26",
        "ARIMA": 53.633457048100006,
        "Adj_close": 53.633457048100006
    },
    {
        "Date": "2018/09/27",
        "ARIMA": 54.7357143769,
        "Adj_close": 54.7357143769
    },
    {
        "Date": "2018/09/28",
        "ARIMA": 54.9279402687,
        "Adj_close": 54.9279402687
    },
    {
        "Date": "2018/10/01",
        "ARIMA": 55.2977926175,
        "Adj_close": 55.2977926175
    },
    {
        "Date": "2018/10/02",
        "ARIMA": 55.78930692310001,
        "Adj_close": 55.78930692310001
    },
    {
        "Date": "2018/10/03",
        "ARIMA": 56.468180642200004,
        "Adj_close": 56.468180642200004
    },
    {
        "Date": "2018/10/04",
        "ARIMA": 55.475419074499996,
        "Adj_close": 55.475419074499996
    },
    {
        "Date": "2018/10/05",
        "ARIMA": 54.5751205939,
        "Adj_close": 54.5751205939
    },
    {
        "Date": "2018/10/08",
        "ARIMA": 54.448592158800004,
        "Adj_close": 54.448592158800004
    },
    {
        "Date": "2018/10/09",
        "ARIMA": 55.2028962912,
        "Adj_close": 55.2028962912
    },
    {
        "Date": "2018/10/10",
        "ARIMA": 52.6455619586,
        "Adj_close": 52.6455619586
    },
    {
        "Date": "2018/10/11",
        "ARIMA": 52.180813283599996,
        "Adj_close": 52.180813283599996
    },
    {
        "Date": "2018/10/12",
        "ARIMA": 54.0446744622,
        "Adj_close": 54.0446744622
    },
    {
        "Date": "2018/10/15",
        "ARIMA": 52.888885872299994,
        "Adj_close": 52.888885872299994
    },
    {
        "Date": "2018/10/16",
        "ARIMA": 54.0544074187,
        "Adj_close": 54.0544074187
    },
    {
        "Date": "2018/10/17",
        "ARIMA": 53.820816461599996,
        "Adj_close": 53.820816461599996
    },
    {
        "Date": "2018/10/18",
        "ARIMA": 52.562831828,
        "Adj_close": 52.562831828
    },
    {
        "Date": "2018/10/19",
        "ARIMA": 53.3633675039,
        "Adj_close": 53.3633675039
    },
    {
        "Date": "2018/10/22",
        "ARIMA": 53.689421548199995,
        "Adj_close": 53.689421548199995
    },
    {
        "Date": "2018/10/23",
        "ARIMA": 54.1955352886,
        "Adj_close": 54.1955352886
    },
    {
        "Date": "2018/10/24",
        "ARIMA": 52.3365405883,
        "Adj_close": 52.3365405883
    },
    {
        "Date": "2018/10/25",
        "ARIMA": 53.4825962216,
        "Adj_close": 53.4825962216
    },
    {
        "Date": "2018/10/26",
        "ARIMA": 52.6309625238,
        "Adj_close": 52.6309625238
    },
    {
        "Date": "2018/10/29",
        "ARIMA": 51.643067434399995,
        "Adj_close": 51.643067434399995
    },
    {
        "Date": "2018/10/30",
        "ARIMA": 51.9009907829,
        "Adj_close": 51.9009907829
    },
    {
        "Date": "2018/10/31",
        "ARIMA": 53.253871742799994,
        "Adj_close": 53.253871742799994
    },
    {
        "Date": "2018/11/01",
        "ARIMA": 54.0714400927,
        "Adj_close": 54.0714400927
    },
    {
        "Date": "2018/11/02",
        "ARIMA": 50.4848456054,
        "Adj_close": 50.4848456054
    },
    {
        "Date": "2018/11/05",
        "ARIMA": 49.051667753900006,
        "Adj_close": 49.051667753900006
    },
    {
        "Date": "2018/11/06",
        "ARIMA": 49.5821138857,
        "Adj_close": 49.5821138857
    },
    {
        "Date": "2018/11/07",
        "ARIMA": 51.0858556721,
        "Adj_close": 51.0858556721
    },
    {
        "Date": "2018/11/08",
        "ARIMA": 50.9082292151,
        "Adj_close": 50.9082292151
    },
    {
        "Date": "2018/11/09",
        "ARIMA": 49.9266421777,
        "Adj_close": 49.9266421777
    },
    {
        "Date": "2018/11/12",
        "ARIMA": 47.411630613999996,
        "Adj_close": 47.411630613999996
    },
    {
        "Date": "2018/11/13",
        "ARIMA": 46.9379294068,
        "Adj_close": 46.9379294068
    },
    {
        "Date": "2018/11/14",
        "ARIMA": 45.6120543786,
        "Adj_close": 45.6120543786
    },
    {
        "Date": "2018/11/15",
        "ARIMA": 46.73770518520001,
        "Adj_close": 46.73770518520001
    },
    {
        "Date": "2018/11/16",
        "ARIMA": 47.2553580508,
        "Adj_close": 47.2553580508
    },
    {
        "Date": "2018/11/19",
        "ARIMA": 45.382529051400006,
        "Adj_close": 45.382529051400006
    },
    {
        "Date": "2018/11/20",
        "ARIMA": 43.21424723729999,
        "Adj_close": 43.21424723729999
    },
    {
        "Date": "2018/11/21",
        "ARIMA": 43.1654120613,
        "Adj_close": 43.1654120613
    },
    {
        "Date": "2018/11/23",
        "ARIMA": 42.0690623602,
        "Adj_close": 42.0690623602
    },
    {
        "Date": "2018/11/26",
        "ARIMA": 42.637992160500005,
        "Adj_close": 42.637992160500005
    },
    {
        "Date": "2018/11/27",
        "ARIMA": 42.5452053261,
        "Adj_close": 42.5452053261
    },
    {
        "Date": "2018/11/28",
        "ARIMA": 44.1811837219,
        "Adj_close": 44.1811837219
    },
    {
        "Date": "2018/11/29",
        "ARIMA": 43.8417792488,
        "Adj_close": 43.8417792488
    },
    {
        "Date": "2018/11/30",
        "ARIMA": 43.604928645200005,
        "Adj_close": 43.604928645200005
    },
    {
        "Date": "2018/12/03",
        "ARIMA": 45.1285861362,
        "Adj_close": 45.1285861362
    },
    {
        "Date": "2018/12/04",
        "ARIMA": 43.1434362321,
        "Adj_close": 43.1434362321
    },
    {
        "Date": "2018/12/06",
        "ARIMA": 42.6624097485,
        "Adj_close": 42.6624097485
    },
    {
        "Date": "2018/12/07",
        "ARIMA": 41.1411940163,
        "Adj_close": 41.1411940163
    },
    {
        "Date": "2018/12/10",
        "ARIMA": 41.4122292431,
        "Adj_close": 41.4122292431
    },
    {
        "Date": "2018/12/11",
        "ARIMA": 41.175378639499996,
        "Adj_close": 41.175378639499996
    },
    {
        "Date": "2018/12/12",
        "ARIMA": 41.2901413031,
        "Adj_close": 41.2901413031
    },
    {
        "Date": "2018/12/13",
        "ARIMA": 41.741866681,
        "Adj_close": 41.741866681
    },
    {
        "Date": "2018/12/14",
        "ARIMA": 40.4062246176,
        "Adj_close": 40.4062246176
    },
    {
        "Date": "2018/12/17",
        "ARIMA": 40.030193762399996,
        "Adj_close": 40.030193762399996
    },
    {
        "Date": "2018/12/18",
        "ARIMA": 40.5502883868,
        "Adj_close": 40.5502883868
    },
    {
        "Date": "2018/12/19",
        "ARIMA": 39.2854573285,
        "Adj_close": 39.2854573285
    },
    {
        "Date": "2018/12/20",
        "ARIMA": 38.294103255799996,
        "Adj_close": 38.294103255799996
    },
    {
        "Date": "2018/12/21",
        "ARIMA": 36.804630388,
        "Adj_close": 36.804630388
    },
    {
        "Date": "2018/12/24",
        "ARIMA": 35.8523444561,
        "Adj_close": 35.8523444561
    },
    {
        "Date": "2018/12/26",
        "ARIMA": 38.377123055,
        "Adj_close": 38.377123055
    },
    {
        "Date": "2018/12/27",
        "ARIMA": 38.1280636575,
        "Adj_close": 38.1280636575
    },
    {
        "Date": "2018/12/28",
        "ARIMA": 38.1475977279,
        "Adj_close": 38.1475977279
    },
    {
        "Date": "2018/12/31",
        "ARIMA": 38.5163033066,
        "Adj_close": 38.5163033066
    },
    {
        "Date": "2019/01/02",
        "ARIMA": 38.560254965,
        "Adj_close": 38.560254965
    },
    {
        "Date": "2019/01/03",
        "ARIMA": 34.7193683731,
        "Adj_close": 34.7193683731
    },
    {
        "Date": "2019/01/04",
        "ARIMA": 36.2015159645,
        "Adj_close": 36.2015159645
    },
    {
        "Date": "2019/01/07",
        "ARIMA": 36.1209379241,
        "Adj_close": 36.1209379241
    },
    {
        "Date": "2019/01/08",
        "ARIMA": 36.8095139056,
        "Adj_close": 36.8095139056
    },
    {
        "Date": "2019/01/09",
        "ARIMA": 37.4346041583,
        "Adj_close": 37.4346041583
    },
    {
        "Date": "2019/01/10",
        "ARIMA": 37.5542503395,
        "Adj_close": 37.5542503395
    },
    {
        "Date": "2019/01/11",
        "ARIMA": 37.1855447608,
        "Adj_close": 37.1855447608
    },
    {
        "Date": "2019/01/14",
        "ARIMA": 36.6263819956,
        "Adj_close": 36.6263819956
    },
    {
        "Date": "2019/01/15",
        "ARIMA": 37.3760019471,
        "Adj_close": 37.3760019471
    },
    {
        "Date": "2019/01/16",
        "ARIMA": 37.8326108427,
        "Adj_close": 37.8326108427
    },
    {
        "Date": "2019/01/17",
        "ARIMA": 38.0572526523,
        "Adj_close": 38.0572526523
    },
    {
        "Date": "2019/01/18",
        "ARIMA": 38.291661497,
        "Adj_close": 38.291661497
    },
    {
        "Date": "2019/01/22",
        "ARIMA": 37.4321623995,
        "Adj_close": 37.4321623995
    },
    {
        "Date": "2019/01/23",
        "ARIMA": 37.5835514451,
        "Adj_close": 37.5835514451
    },
    {
        "Date": "2019/01/24",
        "ARIMA": 37.2856568716,
        "Adj_close": 37.2856568716
    },
    {
        "Date": "2019/01/25",
        "ARIMA": 38.5211868242,
        "Adj_close": 38.5211868242
    },
    {
        "Date": "2019/01/28",
        "ARIMA": 38.164690039499995,
        "Adj_close": 38.164690039499995
    },
    {
        "Date": "2019/01/29",
        "ARIMA": 37.769125113899996,
        "Adj_close": 37.769125113899996
    },
    {
        "Date": "2019/01/30",
        "ARIMA": 40.3500641652,
        "Adj_close": 40.3500641652
    },
    {
        "Date": "2019/01/31",
        "ARIMA": 40.6406334624,
        "Adj_close": 40.6406334624
    },
    {
        "Date": "2019/02/01",
        "ARIMA": 40.6601675328,
        "Adj_close": 40.6601675328
    },
    {
        "Date": "2019/02/04",
        "ARIMA": 41.815119445,
        "Adj_close": 41.815119445
    },
    {
        "Date": "2019/02/05",
        "ARIMA": 42.5305547733,
        "Adj_close": 42.5305547733
    },
    {
        "Date": "2019/02/06",
        "ARIMA": 42.5452053261,
        "Adj_close": 42.5452053261
    },
    {
        "Date": "2019/02/07",
        "ARIMA": 41.7394249222,
        "Adj_close": 41.7394249222
    },
    {
        "Date": "2019/02/08",
        "ARIMA": 41.7882600982,
        "Adj_close": 41.7882600982
    },
    {
        "Date": "2019/02/11",
        "ARIMA": 41.5479426585,
        "Adj_close": 41.5479426585
    },
    {
        "Date": "2019/02/12",
        "ARIMA": 41.9059665993,
        "Adj_close": 41.9059665993
    },
    {
        "Date": "2019/02/13",
        "ARIMA": 41.7318590665,
        "Adj_close": 41.7318590665
    },
    {
        "Date": "2019/02/14",
        "ARIMA": 41.8838966303,
        "Adj_close": 41.8838966303
    },
    {
        "Date": "2019/02/15",
        "ARIMA": 41.790712317,
        "Adj_close": 41.790712317
    },
    {
        "Date": "2019/02/19",
        "ARIMA": 41.9157754744,
        "Adj_close": 41.9157754744
    },
    {
        "Date": "2019/02/20",
        "ARIMA": 42.185519539299996,
        "Adj_close": 42.185519539299996
    },
    {
        "Date": "2019/02/21",
        "ARIMA": 41.947654318400005,
        "Adj_close": 41.947654318400005
    },
    {
        "Date": "2019/02/22",
        "ARIMA": 42.4160281039,
        "Adj_close": 42.4160281039
    },
    {
        "Date": "2019/02/25",
        "ARIMA": 42.725007669200004,
        "Adj_close": 42.725007669200004
    },
    {
        "Date": "2019/02/26",
        "ARIMA": 42.7495298569,
        "Adj_close": 42.7495298569
    },
    {
        "Date": "2019/02/27",
        "ARIMA": 42.8819496707,
        "Adj_close": 42.8819496707
    },
    {
        "Date": "2019/02/28",
        "ARIMA": 42.460168041799996,
        "Adj_close": 42.460168041799996
    },
    {
        "Date": "2019/03/01",
        "ARIMA": 42.9064718584,
        "Adj_close": 42.9064718584
    },
    {
        "Date": "2019/03/04",
        "ARIMA": 43.122267110299994,
        "Adj_close": 43.122267110299994
    },
    {
        "Date": "2019/03/05",
        "ARIMA": 43.0437961096,
        "Adj_close": 43.0437961096
    },
    {
        "Date": "2019/03/06",
        "ARIMA": 42.7961220136,
        "Adj_close": 42.7961220136
    },
    {
        "Date": "2019/03/07",
        "ARIMA": 42.300773821599996,
        "Adj_close": 42.300773821599996
    },
    {
        "Date": "2019/03/08",
        "ARIMA": 42.4013147913,
        "Adj_close": 42.4013147913
    },
    {
        "Date": "2019/03/11",
        "ARIMA": 43.870193835900004,
        "Adj_close": 43.870193835900004
    },
    {
        "Date": "2019/03/12",
        "ARIMA": 44.363089809099996,
        "Adj_close": 44.363089809099996
    },
    {
        "Date": "2019/03/13",
        "ARIMA": 44.559267310900005,
        "Adj_close": 44.559267310900005
    },
    {
        "Date": "2019/03/14",
        "ARIMA": 45.0546155029,
        "Adj_close": 45.0546155029
    },
    {
        "Date": "2019/03/15",
        "ARIMA": 45.6406957895,
        "Adj_close": 45.6406957895
    },
    {
        "Date": "2019/03/18",
        "ARIMA": 46.1066173562,
        "Adj_close": 46.1066173562
    },
    {
        "Date": "2019/03/19",
        "ARIMA": 45.7412367591,
        "Adj_close": 45.7412367591
    },
    {
        "Date": "2019/03/20",
        "ARIMA": 46.140948419,
        "Adj_close": 46.140948419
    },
    {
        "Date": "2019/03/21",
        "ARIMA": 47.8403360282,
        "Adj_close": 47.8403360282
    },
    {
        "Date": "2019/03/22",
        "ARIMA": 46.8496396442,
        "Adj_close": 46.8496396442
    },
    {
        "Date": "2019/03/25",
        "ARIMA": 46.2831771078,
        "Adj_close": 46.2831771078
    },
    {
        "Date": "2019/03/26",
        "ARIMA": 45.8049944472,
        "Adj_close": 45.8049944472
    },
    {
        "Date": "2019/03/27",
        "ARIMA": 46.2169672009,
        "Adj_close": 46.2169672009
    },
    {
        "Date": "2019/03/28",
        "ARIMA": 46.2782726702,
        "Adj_close": 46.2782726702
    },
    {
        "Date": "2019/03/29",
        "ARIMA": 46.5798955792,
        "Adj_close": 46.5798955792
    },
    {
        "Date": "2019/04/01",
        "ARIMA": 46.896231800900004,
        "Adj_close": 46.896231800900004
    },
    {
        "Date": "2019/04/02",
        "ARIMA": 47.5779486195,
        "Adj_close": 47.5779486195
    },
    {
        "Date": "2019/04/03",
        "ARIMA": 47.904093716300004,
        "Adj_close": 47.904093716300004
    },
    {
        "Date": "2019/04/04",
        "ARIMA": 47.9874691545,
        "Adj_close": 47.9874691545
    },
    {
        "Date": "2019/04/05",
        "ARIMA": 48.3087098137,
        "Adj_close": 48.3087098137
    },
    {
        "Date": "2019/04/08",
        "ARIMA": 49.06889763310001,
        "Adj_close": 49.06889763310001
    },
    {
        "Date": "2019/04/09",
        "ARIMA": 48.9217645067,
        "Adj_close": 48.9217645067
    },
    {
        "Date": "2019/04/10",
        "ARIMA": 49.1964130092,
        "Adj_close": 49.1964130092
    },
    {
        "Date": "2019/04/11",
        "ARIMA": 48.786892474300004,
        "Adj_close": 48.786892474300004
    },
    {
        "Date": "2019/04/12",
        "ARIMA": 48.7672747241,
        "Adj_close": 48.7672747241
    },
    {
        "Date": "2019/04/15",
        "ARIMA": 48.855554599899996,
        "Adj_close": 48.855554599899996
    },
    {
        "Date": "2019/04/16",
        "ARIMA": 48.8604590374,
        "Adj_close": 48.8604590374
    },
    {
        "Date": "2019/04/17",
        "ARIMA": 49.8119199211,
        "Adj_close": 49.8119199211
    },
    {
        "Date": "2019/04/18",
        "ARIMA": 49.9909318915,
        "Adj_close": 49.9909318915
    },
    {
        "Date": "2019/04/22",
        "ARIMA": 50.1552305492,
        "Adj_close": 50.1552305492
    },
    {
        "Date": "2019/04/23",
        "ARIMA": 50.878635087,
        "Adj_close": 50.878635087
    },
    {
        "Date": "2019/04/24",
        "ARIMA": 50.8001640863,
        "Adj_close": 50.8001640863
    },
    {
        "Date": "2019/04/25",
        "ARIMA": 50.3391469571,
        "Adj_close": 50.3391469571
    },
    {
        "Date": "2019/04/26",
        "ARIMA": 50.0988295174,
        "Adj_close": 50.0988295174
    },
    {
        "Date": "2019/04/29",
        "ARIMA": 50.1748482994,
        "Adj_close": 50.1748482994
    },
    {
        "Date": "2019/04/30",
        "ARIMA": 49.2086741031,
        "Adj_close": 49.2086741031
    },
    {
        "Date": "2019/05/01",
        "ARIMA": 51.6241095938,
        "Adj_close": 51.6241095938
    },
    {
        "Date": "2019/05/02",
        "ARIMA": 51.288155622,
        "Adj_close": 51.288155622
    },
    {
        "Date": "2019/05/03",
        "ARIMA": 51.925732502799995,
        "Adj_close": 51.925732502799995
    },
    {
        "Date": "2019/05/06",
        "ARIMA": 51.1238569642,
        "Adj_close": 51.1238569642
    },
    {
        "Date": "2019/05/07",
        "ARIMA": 49.7457100142,
        "Adj_close": 49.7457100142
    },
    {
        "Date": "2019/05/08",
        "ARIMA": 49.755518889300006,
        "Adj_close": 49.755518889300006
    },
    {
        "Date": "2019/05/09",
        "ARIMA": 49.220935196999996,
        "Adj_close": 49.220935196999996
    },
    {
        "Date": "2019/05/10",
        "ARIMA": 48.541670597,
        "Adj_close": 48.541670597
    },
    {
        "Date": "2019/05/13",
        "ARIMA": 45.7204537138,
        "Adj_close": 45.7204537138
    },
    {
        "Date": "2019/05/14",
        "ARIMA": 46.4442213959,
        "Adj_close": 46.4442213959
    },
    {
        "Date": "2019/05/15",
        "ARIMA": 47.0005870291,
        "Adj_close": 47.0005870291
    },
    {
        "Date": "2019/05/16",
        "ARIMA": 46.793796262700006,
        "Adj_close": 46.793796262700006
    },
    {
        "Date": "2019/05/17",
        "ARIMA": 46.527922420299994,
        "Adj_close": 46.527922420299994
    },
    {
        "Date": "2019/05/20",
        "ARIMA": 45.0730016716,
        "Adj_close": 45.0730016716
    },
    {
        "Date": "2019/05/21",
        "ARIMA": 45.9370916594,
        "Adj_close": 45.9370916594
    },
    {
        "Date": "2019/05/22",
        "ARIMA": 44.9966860317,
        "Adj_close": 44.9966860317
    },
    {
        "Date": "2019/05/23",
        "ARIMA": 44.2286060425,
        "Adj_close": 44.2286060425
    },
    {
        "Date": "2019/05/24",
        "ARIMA": 44.058742198800005,
        "Adj_close": 44.058742198800005
    },
    {
        "Date": "2019/05/28",
        "ARIMA": 43.8765693808,
        "Adj_close": 43.8765693808
    },
    {
        "Date": "2019/05/29",
        "ARIMA": 43.667316819700005,
        "Adj_close": 43.667316819700005
    },
    {
        "Date": "2019/05/30",
        "ARIMA": 43.8938019447,
        "Adj_close": 43.8938019447
    },
    {
        "Date": "2019/05/31",
        "ARIMA": 43.09864221229999,
        "Adj_close": 43.09864221229999
    },
    {
        "Date": "2019/06/03",
        "ARIMA": 42.6629045262,
        "Adj_close": 42.6629045262
    },
    {
        "Date": "2019/06/04",
        "ARIMA": 44.2236824529,
        "Adj_close": 44.2236824529
    },
    {
        "Date": "2019/06/05",
        "ARIMA": 44.937602955600006,
        "Adj_close": 44.937602955600006
    },
    {
        "Date": "2019/06/06",
        "ARIMA": 45.597363971899995,
        "Adj_close": 45.597363971899995
    },
    {
        "Date": "2019/06/07",
        "ARIMA": 46.8110288266,
        "Adj_close": 46.8110288266
    },
    {
        "Date": "2019/06/10",
        "ARIMA": 47.409244971999996,
        "Adj_close": 47.409244971999996
    },
    {
        "Date": "2019/06/11",
        "ARIMA": 47.958225220699994,
        "Adj_close": 47.958225220699994
    },
    {
        "Date": "2019/06/12",
        "ARIMA": 47.8055939408,
        "Adj_close": 47.8055939408
    },
    {
        "Date": "2019/06/13",
        "ARIMA": 47.795746761400004,
        "Adj_close": 47.795746761400004
    },
    {
        "Date": "2019/06/14",
        "ARIMA": 47.4486336894,
        "Adj_close": 47.4486336894
    },
    {
        "Date": "2019/06/17",
        "ARIMA": 47.7317400957,
        "Adj_close": 47.7317400957
    },
    {
        "Date": "2019/06/18",
        "ARIMA": 48.854318541400005,
        "Adj_close": 48.854318541400005
    },
    {
        "Date": "2019/06/19",
        "ARIMA": 48.7115344408,
        "Adj_close": 48.7115344408
    },
    {
        "Date": "2019/06/20",
        "ARIMA": 49.1029598199,
        "Adj_close": 49.1029598199
    },
    {
        "Date": "2019/06/21",
        "ARIMA": 48.935557771000006,
        "Adj_close": 48.935557771000006
    },
    {
        "Date": "2019/06/24",
        "ARIMA": 48.8863218742,
        "Adj_close": 48.8863218742
    },
    {
        "Date": "2019/06/25",
        "ARIMA": 48.145321628299996,
        "Adj_close": 48.145321628299996
    },
    {
        "Date": "2019/06/26",
        "ARIMA": 49.186660844399995,
        "Adj_close": 49.186660844399995
    },
    {
        "Date": "2019/06/27",
        "ARIMA": 49.1718900753,
        "Adj_close": 49.1718900753
    },
    {
        "Date": "2019/06/28",
        "ARIMA": 48.723843415,
        "Adj_close": 48.723843415
    },
    {
        "Date": "2019/07/01",
        "ARIMA": 49.6174749408,
        "Adj_close": 49.6174749408
    },
    {
        "Date": "2019/07/02",
        "ARIMA": 49.9079667316,
        "Adj_close": 49.9079667316
    },
    {
        "Date": "2019/07/03",
        "ARIMA": 50.321548264200004,
        "Adj_close": 50.321548264200004
    },
    {
        "Date": "2019/07/05",
        "ARIMA": 50.277235957200006,
        "Adj_close": 50.277235957200006
    },
    {
        "Date": "2019/07/08",
        "ARIMA": 49.2408203308,
        "Adj_close": 49.2408203308
    },
    {
        "Date": "2019/07/09",
        "ARIMA": 49.5411593009,
        "Adj_close": 49.5411593009
    },
    {
        "Date": "2019/07/10",
        "ARIMA": 50.0310564735,
        "Adj_close": 50.0310564735
    },
    {
        "Date": "2019/07/11",
        "ARIMA": 49.6667108376,
        "Adj_close": 49.6667108376
    },
    {
        "Date": "2019/07/12",
        "ARIMA": 50.048289037299995,
        "Adj_close": 50.048289037299995
    },
    {
        "Date": "2019/07/15",
        "ARIMA": 50.5184918512,
        "Adj_close": 50.5184918512
    },
    {
        "Date": "2019/07/16",
        "ARIMA": 50.3437044178,
        "Adj_close": 50.3437044178
    },
    {
        "Date": "2019/07/17",
        "ARIMA": 50.0605980115,
        "Adj_close": 50.0605980115
    },
    {
        "Date": "2019/07/18",
        "ARIMA": 50.6292726189,
        "Adj_close": 50.6292726189
    },
    {
        "Date": "2019/07/19",
        "ARIMA": 49.8735016039,
        "Adj_close": 49.8735016039
    },
    {
        "Date": "2019/07/22",
        "ARIMA": 51.013312613400004,
        "Adj_close": 51.013312613400004
    },
    {
        "Date": "2019/07/23",
        "ARIMA": 51.4121233771,
        "Adj_close": 51.4121233771
    },
    {
        "Date": "2019/07/24",
        "ARIMA": 51.37027286479999,
        "Adj_close": 51.37027286479999
    },
    {
        "Date": "2019/07/25",
        "ARIMA": 50.9640767167,
        "Adj_close": 50.9640767167
    },
    {
        "Date": "2019/07/26",
        "ARIMA": 51.141325945,
        "Adj_close": 51.141325945
    },
    {
        "Date": "2019/07/29",
        "ARIMA": 51.618914143400005,
        "Adj_close": 51.618914143400005
    },
    {
        "Date": "2019/07/30",
        "ARIMA": 51.397352608,
        "Adj_close": 51.397352608
    },
    {
        "Date": "2019/07/31",
        "ARIMA": 52.446077208599995,
        "Adj_close": 52.446077208599995
    },
    {
        "Date": "2019/08/01",
        "ARIMA": 51.3111897887,
        "Adj_close": 51.3111897887
    },
    {
        "Date": "2019/08/02",
        "ARIMA": 50.2255382656,
        "Adj_close": 50.2255382656
    },
    {
        "Date": "2019/08/05",
        "ARIMA": 47.5963413796,
        "Adj_close": 47.5963413796
    },
    {
        "Date": "2019/08/06",
        "ARIMA": 48.49735829,
        "Adj_close": 48.49735829
    },
    {
        "Date": "2019/08/07",
        "ARIMA": 48.9995644367,
        "Adj_close": 48.9995644367
    },
    {
        "Date": "2019/08/08",
        "ARIMA": 50.080292370200006,
        "Adj_close": 50.080292370200006
    },
    {
        "Date": "2019/08/09",
        "ARIMA": 49.6691726324,
        "Adj_close": 49.6691726324
    },
    {
        "Date": "2019/08/12",
        "ARIMA": 49.543140103199995,
        "Adj_close": 49.543140103199995
    },
    {
        "Date": "2019/08/13",
        "ARIMA": 51.6412110304,
        "Adj_close": 51.6412110304
    },
    {
        "Date": "2019/08/14",
        "ARIMA": 50.1041084194,
        "Adj_close": 50.1041084194
    },
    {
        "Date": "2019/08/15",
        "ARIMA": 49.8545145871,
        "Adj_close": 49.8545145871
    },
    {
        "Date": "2019/08/16",
        "ARIMA": 51.0308181929,
        "Adj_close": 51.0308181929
    },
    {
        "Date": "2019/08/19",
        "ARIMA": 51.982240227,
        "Adj_close": 51.982240227
    },
    {
        "Date": "2019/08/20",
        "ARIMA": 51.984711453100005,
        "Adj_close": 51.984711453100005
    },
    {
        "Date": "2019/08/21",
        "ARIMA": 52.5481509954,
        "Adj_close": 52.5481509954
    },
    {
        "Date": "2019/08/22",
        "ARIMA": 52.5036689262,
        "Adj_close": 52.5036689262
    },
    {
        "Date": "2019/08/23",
        "ARIMA": 50.0769249327,
        "Adj_close": 50.0769249327
    },
    {
        "Date": "2019/08/26",
        "ARIMA": 51.028346966899996,
        "Adj_close": 51.028346966899996
    },
    {
        "Date": "2019/08/27",
        "ARIMA": 50.4525512943,
        "Adj_close": 50.4525512943
    },
    {
        "Date": "2019/08/28",
        "ARIMA": 50.79110926479999,
        "Adj_close": 50.79110926479999
    },
    {
        "Date": "2019/08/29",
        "ARIMA": 51.6510959346,
        "Adj_close": 51.6510959346
    },
    {
        "Date": "2019/08/30",
        "ARIMA": 51.5843728309,
        "Adj_close": 51.5843728309
    },
    {
        "Date": "2019/09/03",
        "ARIMA": 50.8331201079,
        "Adj_close": 50.8331201079
    },
    {
        "Date": "2019/09/04",
        "ARIMA": 51.6955780038,
        "Adj_close": 51.6955780038
    },
    {
        "Date": "2019/09/05",
        "ARIMA": 52.706309463400004,
        "Adj_close": 52.706309463400004
    },
    {
        "Date": "2019/09/06",
        "ARIMA": 52.7013670112,
        "Adj_close": 52.7013670112
    },
    {
        "Date": "2019/09/09",
        "ARIMA": 52.9262485829,
        "Adj_close": 52.9262485829
    },
    {
        "Date": "2019/09/10",
        "ARIMA": 53.5514687768,
        "Adj_close": 53.5514687768
    },
    {
        "Date": "2019/09/11",
        "ARIMA": 55.254143533900006,
        "Adj_close": 55.254143533900006
    },
    {
        "Date": "2019/09/12",
        "ARIMA": 55.1305822308,
        "Adj_close": 55.1305822308
    },
    {
        "Date": "2019/09/13",
        "ARIMA": 54.0580701196,
        "Adj_close": 54.0580701196
    },
    {
        "Date": "2019/09/16",
        "ARIMA": 54.3422611168,
        "Adj_close": 54.3422611168
    },
    {
        "Date": "2019/09/17",
        "ARIMA": 54.5399592018,
        "Adj_close": 54.5399592018
    },
    {
        "Date": "2019/09/18",
        "ARIMA": 55.051502996800004,
        "Adj_close": 55.051502996800004
    },
    {
        "Date": "2019/09/19",
        "ARIMA": 54.6042110795,
        "Adj_close": 54.6042110795
    },
    {
        "Date": "2019/09/20",
        "ARIMA": 53.8060050612,
        "Adj_close": 53.8060050612
    },
    {
        "Date": "2019/09/23",
        "ARIMA": 54.0506564414,
        "Adj_close": 54.0506564414
    },
    {
        "Date": "2019/09/24",
        "ARIMA": 53.7936489309,
        "Adj_close": 53.7936489309
    },
    {
        "Date": "2019/09/25",
        "ARIMA": 54.6215096619,
        "Adj_close": 54.6215096619
    },
    {
        "Date": "2019/09/26",
        "ARIMA": 54.3397898908,
        "Adj_close": 54.3397898908
    },
    {
        "Date": "2019/09/27",
        "ARIMA": 54.0753687021,
        "Adj_close": 54.0753687021
    },
    {
        "Date": "2019/09/30",
        "ARIMA": 55.3480501243,
        "Adj_close": 55.3480501243
    },
    {
        "Date": "2019/10/01",
        "ARIMA": 55.5012661402,
        "Adj_close": 55.5012661402
    },
    {
        "Date": "2019/10/02",
        "ARIMA": 54.1099658669,
        "Adj_close": 54.1099658669
    },
    {
        "Date": "2019/10/03",
        "ARIMA": 54.5696139146,
        "Adj_close": 54.5696139146
    },
    {
        "Date": "2019/10/04",
        "ARIMA": 56.099302847299995,
        "Adj_close": 56.099302847299995
    },
    {
        "Date": "2019/10/07",
        "ARIMA": 56.1116589776,
        "Adj_close": 56.1116589776
    },
    {
        "Date": "2019/10/08",
        "ARIMA": 55.454312845,
        "Adj_close": 55.454312845
    },
    {
        "Date": "2019/10/09",
        "ARIMA": 56.1042452995,
        "Adj_close": 56.1042452995
    },
    {
        "Date": "2019/10/10",
        "ARIMA": 56.8604404746,
        "Adj_close": 56.8604404746
    },
    {
        "Date": "2019/10/11",
        "ARIMA": 58.3728308249,
        "Adj_close": 58.3728308249
    },
    {
        "Date": "2019/10/14",
        "ARIMA": 58.2888091388,
        "Adj_close": 58.2888091388
    },
    {
        "Date": "2019/10/15",
        "ARIMA": 58.1528917054,
        "Adj_close": 58.1528917054
    },
    {
        "Date": "2019/10/16",
        "ARIMA": 57.9181252294,
        "Adj_close": 57.9181252294
    },
    {
        "Date": "2019/10/17",
        "ARIMA": 58.14300680109999,
        "Adj_close": 58.14300680109999
    },
    {
        "Date": "2019/10/18",
        "ARIMA": 58.4222553462,
        "Adj_close": 58.4222553462
    },
    {
        "Date": "2019/10/21",
        "ARIMA": 59.4354580319,
        "Adj_close": 59.4354580319
    },
    {
        "Date": "2019/10/22",
        "ARIMA": 59.2995405984,
        "Adj_close": 59.2995405984
    },
    {
        "Date": "2019/10/23",
        "ARIMA": 60.0952753906,
        "Adj_close": 60.0952753906
    },
    {
        "Date": "2019/10/24",
        "ARIMA": 60.1941244331,
        "Adj_close": 60.1941244331
    },
    {
        "Date": "2019/10/25",
        "ARIMA": 60.935492251899994,
        "Adj_close": 60.935492251899994
    },
    {
        "Date": "2019/10/28",
        "ARIMA": 61.5458850893,
        "Adj_close": 61.5458850893
    },
    {
        "Date": "2019/10/29",
        "ARIMA": 60.1224588773,
        "Adj_close": 60.1224588773
    },
    {
        "Date": "2019/10/30",
        "ARIMA": 60.115045199099995,
        "Adj_close": 60.115045199099995
    },
    {
        "Date": "2019/10/31",
        "ARIMA": 61.474219533500005,
        "Adj_close": 61.474219533500005
    },
    {
        "Date": "2019/11/01",
        "ARIMA": 63.2189051337,
        "Adj_close": 63.2189051337
    },
    {
        "Date": "2019/11/04",
        "ARIMA": 63.634071112200004,
        "Adj_close": 63.634071112200004
    },
    {
        "Date": "2019/11/05",
        "ARIMA": 63.5426357479,
        "Adj_close": 63.5426357479
    },
    {
        "Date": "2019/11/06",
        "ARIMA": 63.5698192346,
        "Adj_close": 63.5698192346
    },
    {
        "Date": "2019/11/07",
        "ARIMA": 64.3013021491,
        "Adj_close": 64.3013021491
    },
    {
        "Date": "2019/11/08",
        "ARIMA": 64.47727996409999,
        "Adj_close": 64.47727996409999
    },
    {
        "Date": "2019/11/11",
        "ARIMA": 64.9878634834,
        "Adj_close": 64.9878634834
    },
    {
        "Date": "2019/11/12",
        "ARIMA": 64.9283780249,
        "Adj_close": 64.9283780249
    },
    {
        "Date": "2019/11/13",
        "ARIMA": 65.550496779,
        "Adj_close": 65.550496779
    },
    {
        "Date": "2019/11/14",
        "ARIMA": 65.0969201575,
        "Adj_close": 65.0969201575
    },
    {
        "Date": "2019/11/15",
        "ARIMA": 65.8702311188,
        "Adj_close": 65.8702311188
    },
    {
        "Date": "2019/11/18",
        "ARIMA": 66.2023582625,
        "Adj_close": 66.2023582625
    },
    {
        "Date": "2019/11/19",
        "ARIMA": 66.00159483979999,
        "Adj_close": 66.00159483979999
    },
    {
        "Date": "2019/11/20",
        "ARIMA": 65.233241,
        "Adj_close": 65.233241
    },
    {
        "Date": "2019/11/21",
        "ARIMA": 64.9407708287,
        "Adj_close": 64.9407708287
    },
    {
        "Date": "2019/11/22",
        "ARIMA": 64.8837639309,
        "Adj_close": 64.8837639309
    },
    {
        "Date": "2019/11/25",
        "ARIMA": 66.021423326,
        "Adj_close": 66.021423326
    },
    {
        "Date": "2019/11/26",
        "ARIMA": 65.5058826851,
        "Adj_close": 65.5058826851
    },
    {
        "Date": "2019/11/27",
        "ARIMA": 66.3857717597,
        "Adj_close": 66.3857717597
    },
    {
        "Date": "2019/11/29",
        "ARIMA": 66.2395366741,
        "Adj_close": 66.2395366741
    },
    {
        "Date": "2019/12/02",
        "ARIMA": 65.473661395,
        "Adj_close": 65.473661395
    },
    {
        "Date": "2019/12/03",
        "ARIMA": 64.3062592707,
        "Adj_close": 64.3062592707
    },
    {
        "Date": "2019/12/04",
        "ARIMA": 64.8738496878,
        "Adj_close": 64.8738496878
    },
    {
        "Date": "2019/12/05",
        "ARIMA": 65.8256170249,
        "Adj_close": 65.8256170249
    },
    {
        "Date": "2019/12/06",
        "ARIMA": 67.0971187017,
        "Adj_close": 67.0971187017
    },
    {
        "Date": "2019/12/09",
        "ARIMA": 66.15774416859999,
        "Adj_close": 66.15774416859999
    },
    {
        "Date": "2019/12/10",
        "ARIMA": 66.5443996492,
        "Adj_close": 66.5443996492
    },
    {
        "Date": "2019/12/11",
        "ARIMA": 67.1119900664,
        "Adj_close": 67.1119900664
    },
    {
        "Date": "2019/12/12",
        "ARIMA": 67.24534348125712,
        "Adj_close": 67.28301075979999
    },
    {
        "Date": "2019/12/13",
        "ARIMA": 67.31270557485357,
        "Adj_close": 68.1975996852
    },
    {
        "Date": "2019/12/16",
        "ARIMA": 68.25284149126334,
        "Adj_close": 69.3650018096
    },
    {
        "Date": "2019/12/17",
        "ARIMA": 69.3454294349467,
        "Adj_close": 69.5013226521
    },
    {
        "Date": "2019/12/18",
        "ARIMA": 69.49313149294385,
        "Adj_close": 69.33525908029999
    },
    {
        "Date": "2019/12/19",
        "ARIMA": 69.41865898771293,
        "Adj_close": 69.404658782
    },
    {
        "Date": "2019/12/20",
        "ARIMA": 69.5431613002511,
        "Adj_close": 69.2609022571
    },
    {
        "Date": "2019/12/23",
        "ARIMA": 69.383871066243,
        "Adj_close": 70.3911259698
    },
    {
        "Date": "2019/12/24",
        "ARIMA": 70.49953574639568,
        "Adj_close": 70.4580471107
    },
    {
        "Date": "2019/12/26",
        "ARIMA": 70.44191174046641,
        "Adj_close": 71.855955387
    },
    {
        "Date": "2019/12/27",
        "ARIMA": 71.87355484541018,
        "Adj_close": 71.8286912185
    },
    {
        "Date": "2019/12/30",
        "ARIMA": 71.83554823027063,
        "Adj_close": 72.2550036716
    },
    {
        "Date": "2019/12/31",
        "ARIMA": 72.31326689918087,
        "Adj_close": 72.7829371163
    },
    {
        "Date": "2020/01/02",
        "ARIMA": 72.91711296900633,
        "Adj_close": 74.4435728347
    },
    {
        "Date": "2020/01/03",
        "ARIMA": 74.50693038836134,
        "Adj_close": 73.7198330888
    },
    {
        "Date": "2020/01/06",
        "ARIMA": 73.7503833591204,
        "Adj_close": 74.3072519921
    },
    {
        "Date": "2020/01/07",
        "ARIMA": 74.41190564003597,
        "Adj_close": 73.957774923
    },
    {
        "Date": "2020/01/08",
        "ARIMA": 74.11302982975772,
        "Adj_close": 75.1474840943
    },
    {
        "Date": "2020/01/09",
        "ARIMA": 75.24153303966638,
        "Adj_close": 76.7436772325
    },
    {
        "Date": "2020/01/10",
        "ARIMA": 76.82981865331939,
        "Adj_close": 76.9171764867
    },
    {
        "Date": "2020/01/13",
        "ARIMA": 76.82731353581914,
        "Adj_close": 78.5604622796
    },
    {
        "Date": "2020/01/14",
        "ARIMA": 78.66097973121104,
        "Adj_close": 77.49963826850001
    },
    {
        "Date": "2020/01/15",
        "ARIMA": 77.5811797824421,
        "Adj_close": 77.1675111248
    },
    {
        "Date": "2020/01/16",
        "ARIMA": 77.37778638313014,
        "Adj_close": 78.13414982649999
    },
    {
        "Date": "2020/01/17",
        "ARIMA": 78.38320742240577,
        "Adj_close": 78.9991675365
    },
    {
        "Date": "2020/01/21",
        "ARIMA": 79.04401161022838,
        "Adj_close": 78.4637984094
    },
    {
        "Date": "2020/01/22",
        "ARIMA": 78.49573956650535,
        "Adj_close": 78.7438757768
    },
    {
        "Date": "2020/01/23",
        "ARIMA": 78.80152469869265,
        "Adj_close": 79.12309557520001
    },
    {
        "Date": "2020/01/24",
        "ARIMA": 79.24040516497034,
        "Adj_close": 78.895067984
    },
    {
        "Date": "2020/01/27",
        "ARIMA": 78.99512525556796,
        "Adj_close": 76.5751350999
    },
    {
        "Date": "2020/01/28",
        "ARIMA": 76.69473450685423,
        "Adj_close": 78.74139721600001
    },
    {
        "Date": "2020/01/29",
        "ARIMA": 78.92124234094503,
        "Adj_close": 80.3896401305
    },
    {
        "Date": "2020/01/30",
        "ARIMA": 80.34532581815633,
        "Adj_close": 80.2731477741
    },
    {
        "Date": "2020/01/31",
        "ARIMA": 80.08161137370118,
        "Adj_close": 76.7139345033
    },
    {
        "Date": "2020/02/03",
        "ARIMA": 76.84167240262397,
        "Adj_close": 76.5032568375
    },
    {
        "Date": "2020/02/04",
        "ARIMA": 76.95520998971931,
        "Adj_close": 79.0289102658
    },
    {
        "Date": "2020/02/05",
        "ARIMA": 79.38029498573377,
        "Adj_close": 79.67333606689999
    },
    {
        "Date": "2020/02/06",
        "ARIMA": 79.26729472623117,
        "Adj_close": 80.6052749178
    },
    {
        "Date": "2020/02/07",
        "ARIMA": 80.33423924503307,
        "Adj_close": 79.5122296166
    },
    {
        "Date": "2020/02/10",
        "ARIMA": 79.47717806906314,
        "Adj_close": 79.8898773028
    },
    {
        "Date": "2020/02/11",
        "ARIMA": 80.18180196802567,
        "Adj_close": 79.40787959810001
    },
    {
        "Date": "2020/02/12",
        "ARIMA": 79.68979074359625,
        "Adj_close": 81.2936335049
    },
    {
        "Date": "2020/02/13",
        "ARIMA": 81.36536514874228,
        "Adj_close": 80.71473935430001
    },
    {
        "Date": "2020/02/14",
        "ARIMA": 80.67133497333343,
        "Adj_close": 80.7346155483
    },
    {
        "Date": "2020/02/18",
        "ARIMA": 80.68632190054058,
        "Adj_close": 79.2563236187
    },
    {
        "Date": "2020/02/19",
        "ARIMA": 79.52843002116848,
        "Adj_close": 80.4041738229
    },
    {
        "Date": "2020/02/20",
        "ARIMA": 80.59519391651477,
        "Adj_close": 79.5793117714
    },
    {
        "Date": "2020/02/21",
        "ARIMA": 79.74807102584029,
        "Adj_close": 77.7780316892
    },
    {
        "Date": "2020/02/24",
        "ARIMA": 77.74130865070286,
        "Adj_close": 74.0835441274
    },
    {
        "Date": "2020/02/25",
        "ARIMA": 74.39504956327475,
        "Adj_close": 71.57417463350001
    },
    {
        "Date": "2020/02/26",
        "ARIMA": 71.81550541073247,
        "Adj_close": 72.7096022164
    },
    {
        "Date": "2020/02/27",
        "ARIMA": 73.0452095178788,
        "Adj_close": 67.9567073235
    },
    {
        "Date": "2020/02/28",
        "ARIMA": 67.34641934946546,
        "Adj_close": 67.9169549355
    },
    {
        "Date": "2020/03/02",
        "ARIMA": 67.534518657937,
        "Adj_close": 74.2400691552
    },
    {
        "Date": "2020/03/03",
        "ARIMA": 74.42647649475933,
        "Adj_close": 71.8822556407
    },
    {
        "Date": "2020/03/04",
        "ARIMA": 70.9157438765587,
        "Adj_close": 75.21648718600001
    },
    {
        "Date": "2020/03/05",
        "ARIMA": 75.21804206845418,
        "Adj_close": 72.7766843712
    },
    {
        "Date": "2020/03/06",
        "ARIMA": 72.98151630008509,
        "Adj_close": 71.8102044374
    },
    {
        "Date": "2020/03/09",
        "ARIMA": 72.44644041576952,
        "Adj_close": 66.1305819987
    },
    {
        "Date": "2020/03/10",
        "ARIMA": 66.78470322700349,
        "Adj_close": 70.8934149886
    },
    {
        "Date": "2020/03/11",
        "ARIMA": 70.4334144790217,
        "Adj_close": 68.4312514555
    },
    {
        "Date": "2020/03/12",
        "ARIMA": 69.30279948693676,
        "Adj_close": 61.673345491800006
    },
    {
        "Date": "2020/03/13",
        "ARIMA": 61.857198026847826,
        "Adj_close": 69.0623206154
    },
    {
        "Date": "2020/03/16",
        "ARIMA": 68.79751206982273,
        "Adj_close": 60.1776618925
    },
    {
        "Date": "2020/03/17",
        "ARIMA": 61.85112564535384,
        "Adj_close": 62.8236802202
    },
    {
        "Date": "2020/03/18",
        "ARIMA": 63.043338663629115,
        "Adj_close": 61.2857597086
    },
    {
        "Date": "2020/03/19",
        "ARIMA": 60.50322512769046,
        "Adj_close": 60.8161846251
    },
    {
        "Date": "2020/03/20",
        "ARIMA": 61.90505796759463,
        "Adj_close": 56.9552339384
    },
    {
        "Date": "2020/03/23",
        "ARIMA": 57.90565161615877,
        "Adj_close": 55.745270628
    },
    {
        "Date": "2020/03/24",
        "ARIMA": 55.89742595508356,
        "Adj_close": 61.3379347179
    },
    {
        "Date": "2020/03/25",
        "ARIMA": 59.618293462873524,
        "Adj_close": 61.0000394197
    },
    {
        "Date": "2020/03/26",
        "ARIMA": 60.94225934240782,
        "Adj_close": 64.2100447524
    },
    {
        "Date": "2020/03/27",
        "ARIMA": 63.60215548573004,
        "Adj_close": 61.5516038035
    },
    {
        "Date": "2020/03/30",
        "ARIMA": 62.3162094693184,
        "Adj_close": 63.3081624492
    },
    {
        "Date": "2020/03/31",
        "ARIMA": 63.37740756162757,
        "Adj_close": 63.1789671881
    },
    {
        "Date": "2020/04/01",
        "ARIMA": 62.92125176209942,
        "Adj_close": 59.85467373979999
    },
    {
        "Date": "2020/04/02",
        "ARIMA": 60.94124625549788,
        "Adj_close": 60.8534524888
    },
    {
        "Date": "2020/04/03",
        "ARIMA": 60.28837207939582,
        "Adj_close": 59.9788999524
    },
    {
        "Date": "2020/04/06",
        "ARIMA": 60.39425219612544,
        "Adj_close": 65.21130802569999
    },
    {
        "Date": "2020/04/07",
        "ARIMA": 63.87953265235232,
        "Adj_close": 64.4560126533
    },
    {
        "Date": "2020/04/08",
        "ARIMA": 64.5054297294817,
        "Adj_close": 66.1057367562
    },
    {
        "Date": "2020/04/09",
        "ARIMA": 66.18124111825836,
        "Adj_close": 66.5827654125
    },
    {
        "Date": "2020/04/13",
        "ARIMA": 66.34786004474472,
        "Adj_close": 67.8896251687
    },
    {
        "Date": "2020/04/14",
        "ARIMA": 68.00784836007017,
        "Adj_close": 71.3182686356
    },
    {
        "Date": "2020/04/15",
        "ARIMA": 70.1349020166562,
        "Adj_close": 70.66732328180001
    },
    {
        "Date": "2020/04/16",
        "ARIMA": 71.16247310425052,
        "Adj_close": 71.2288257626
    },
    {
        "Date": "2020/04/17",
        "ARIMA": 71.14000900847242,
        "Adj_close": 70.26234582880001
    },
    {
        "Date": "2020/04/20",
        "ARIMA": 70.59351379566294,
        "Adj_close": 68.8039300932
    },
    {
        "Date": "2020/04/21",
        "ARIMA": 69.29355220286891,
        "Adj_close": 66.67717733399999
    },
    {
        "Date": "2020/04/22",
        "ARIMA": 66.78352481211405,
        "Adj_close": 68.5977145804
    },
    {
        "Date": "2020/04/23",
        "ARIMA": 68.24246414888219,
        "Adj_close": 68.3318704855
    },
    {
        "Date": "2020/04/24",
        "ARIMA": 68.36132124200512,
        "Adj_close": 70.30458274109999
    },
    {
        "Date": "2020/04/27",
        "ARIMA": 69.97874882258832,
        "Adj_close": 70.35427322609999
    },
    {
        "Date": "2020/04/28",
        "ARIMA": 70.44346162176717,
        "Adj_close": 69.2138765947
    },
    {
        "Date": "2020/04/29",
        "ARIMA": 69.8365790460829,
        "Adj_close": 71.4872162847
    },
    {
        "Date": "2020/04/30",
        "ARIMA": 70.8019742189747,
        "Adj_close": 72.9953225053
    },
    {
        "Date": "2020/05/01",
        "ARIMA": 72.88198030199223,
        "Adj_close": 71.82014253439999
    },
    {
        "Date": "2020/05/04",
        "ARIMA": 72.06936920271684,
        "Adj_close": 72.8363129532
    },
    {
        "Date": "2020/05/05",
        "ARIMA": 72.59251792557163,
        "Adj_close": 73.9295036238
    },
    {
        "Date": "2020/05/06",
        "ARIMA": 73.94108380934739,
        "Adj_close": 74.69225256899999
    },
    {
        "Date": "2020/05/07",
        "ARIMA": 74.53701346110975,
        "Adj_close": 75.4649396111
    },
    {
        "Date": "2020/05/08",
        "ARIMA": 75.21257951456494,
        "Adj_close": 77.2562815964
    },
    {
        "Date": "2020/05/11",
        "ARIMA": 77.1103863346519,
        "Adj_close": 78.4719352068
    },
    {
        "Date": "2020/05/12",
        "ARIMA": 78.32809748460906,
        "Adj_close": 77.5751415598
    },
    {
        "Date": "2020/05/13",
        "ARIMA": 77.87639096698942,
        "Adj_close": 76.63849041729999
    },
    {
        "Date": "2020/05/14",
        "ARIMA": 76.89832944295513,
        "Adj_close": 77.109307082
    },
    {
        "Date": "2020/05/15",
        "ARIMA": 77.0666551793944,
        "Adj_close": 76.6534369781
    },
    {
        "Date": "2020/05/18",
        "ARIMA": 76.73424084682229,
        "Adj_close": 78.4594797395
    },
    {
        "Date": "2020/05/19",
        "ARIMA": 78.00253238618266,
        "Adj_close": 78.006100729
    },
    {
        "Date": "2020/05/20",
        "ARIMA": 78.22102818145142,
        "Adj_close": 79.5231766486
    },
    {
        "Date": "2020/05/21",
        "ARIMA": 79.3989885824992,
        "Adj_close": 78.9302964041
    },
    {
        "Date": "2020/05/22",
        "ARIMA": 79.08956504646518,
        "Adj_close": 79.4384794708
    },
    {
        "Date": "2020/05/26",
        "ARIMA": 79.55696284404746,
        "Adj_close": 78.9004032826
    },
    {
        "Date": "2020/05/27",
        "ARIMA": 78.92193045186221,
        "Adj_close": 79.2441741806
    },
    {
        "Date": "2020/05/28",
        "ARIMA": 79.35940753191198,
        "Adj_close": 79.2790494891
    },
    {
        "Date": "2020/05/29",
        "ARIMA": 79.1940997766238,
        "Adj_close": 79.2018255917
    },
    {
        "Date": "2020/06/01",
        "ARIMA": 79.37786058386479,
        "Adj_close": 80.1758431361
    },
    {
        "Date": "2020/06/02",
        "ARIMA": 79.9671937776509,
        "Adj_close": 80.5470160622
    },
    {
        "Date": "2020/06/03",
        "ARIMA": 80.62426398597158,
        "Adj_close": 80.9904306988
    },
    {
        "Date": "2020/06/04",
        "ARIMA": 80.97716089224721,
        "Adj_close": 80.2929245289
    },
    {
        "Date": "2020/06/05",
        "ARIMA": 80.53043981748633,
        "Adj_close": 82.57974832880001
    },
    {
        "Date": "2020/06/08",
        "ARIMA": 82.20021221849053,
        "Adj_close": 83.0680026477
    },
    {
        "Date": "2020/06/09",
        "ARIMA": 83.02579305275593,
        "Adj_close": 85.6911240652
    },
    {
        "Date": "2020/06/10",
        "ARIMA": 85.26864194150254,
        "Adj_close": 87.8957417808
    },
    {
        "Date": "2020/06/11",
        "ARIMA": 87.55021506652724,
        "Adj_close": 83.6758294529
    },
    {
        "Date": "2020/06/12",
        "ARIMA": 84.97534346894604,
        "Adj_close": 84.3982465574
    },
    {
        "Date": "2020/06/15",
        "ARIMA": 84.1019987010427,
        "Adj_close": 85.4420147188
    },
    {
        "Date": "2020/06/16",
        "ARIMA": 85.31383433092027,
        "Adj_close": 87.7064186775
    },
    {
        "Date": "2020/06/17",
        "ARIMA": 87.31335848068146,
        "Adj_close": 87.58435509780001
    },
    {
        "Date": "2020/06/18",
        "ARIMA": 87.31024359877908,
        "Adj_close": 87.61923040629999
    },
    {
        "Date": "2020/06/19",
        "ARIMA": 88.05230795931834,
        "Adj_close": 87.11852062
    },
    {
        "Date": "2020/06/22",
        "ARIMA": 87.32299432268583,
        "Adj_close": 89.39787113950001
    },
    {
        "Date": "2020/06/23",
        "ARIMA": 89.08109404764186,
        "Adj_close": 91.30604873290001
    },
    {
        "Date": "2020/06/24",
        "ARIMA": 90.88374283394224,
        "Adj_close": 89.6943112617
    },
    {
        "Date": "2020/06/25",
        "ARIMA": 90.18813631645429,
        "Adj_close": 90.8850539375
    },
    {
        "Date": "2020/06/26",
        "ARIMA": 90.68136148618788,
        "Adj_close": 88.09253816440001
    },
    {
        "Date": "2020/06/29",
        "ARIMA": 88.99005496436705,
        "Adj_close": 90.1227793375
    },
    {
        "Date": "2020/06/30",
        "ARIMA": 89.74908770025728,
        "Adj_close": 90.8750895636
    },
    {
        "Date": "2020/07/01",
        "ARIMA": 90.57131764810772,
        "Adj_close": 90.70320411459998
    },
    {
        "Date": "2020/07/02",
        "ARIMA": 91.05884670274297,
        "Adj_close": 90.70320411459998
    },
    {
        "Date": "2020/07/06",
        "ARIMA": 90.49249864887979,
        "Adj_close": 93.1295291485
    },
    {
        "Date": "2020/07/07",
        "ARIMA": 92.99100648410403,
        "Adj_close": 92.84056230659999
    },
    {
        "Date": "2020/07/08",
        "ARIMA": 92.98024431579256,
        "Adj_close": 95.0028314333
    },
    {
        "Date": "2020/07/09",
        "ARIMA": 94.58723369817766,
        "Adj_close": 95.4113707614
    },
    {
        "Date": "2020/07/10",
        "ARIMA": 95.46363539954957,
        "Adj_close": 95.5782740235
    },
    {
        "Date": "2020/07/13",
        "ARIMA": 95.85729955808799,
        "Adj_close": 95.1373504804
    },
    {
        "Date": "2020/07/14",
        "ARIMA": 95.19599415847446,
        "Adj_close": 96.71172154959999
    },
    {
        "Date": "2020/07/15",
        "ARIMA": 96.6364828191482,
        "Adj_close": 97.3768435044
    },
    {
        "Date": "2020/07/16",
        "ARIMA": 97.2910794937726,
        "Adj_close": 96.1786275483
    },
    {
        "Date": "2020/07/17",
        "ARIMA": 96.56216420665041,
        "Adj_close": 95.9843222581
    },
    {
        "Date": "2020/07/20",
        "ARIMA": 96.07605506295995,
        "Adj_close": 98.0070901508
    },
    {
        "Date": "2020/07/21",
        "ARIMA": 97.79289258155336,
        "Adj_close": 96.6544263999
    },
    {
        "Date": "2020/07/22",
        "ARIMA": 97.05088087716196,
        "Adj_close": 96.9259555875
    },
    {
        "Date": "2020/07/23",
        "ARIMA": 96.85099391230207,
        "Adj_close": 92.51422906290001
    },
    {
        "Date": "2020/07/24",
        "ARIMA": 93.64295660165139,
        "Adj_close": 92.2850484642
    },
    {
        "Date": "2020/07/27",
        "ARIMA": 92.5086476250435,
        "Adj_close": 94.47222852549999
    },
    {
        "Date": "2020/07/28",
        "ARIMA": 93.86373838046511,
        "Adj_close": 92.9202772975
    },
    {
        "Date": "2020/07/29",
        "ARIMA": 93.45511946816778,
        "Adj_close": 94.7014091242
    },
    {
        "Date": "2020/07/30",
        "ARIMA": 94.01763611180033,
        "Adj_close": 95.8473121176
    },
    {
        "Date": "2020/07/31",
        "ARIMA": 95.90190311639913,
        "Adj_close": 105.88143659020001
    },
    {
        "Date": "2020/08/03",
        "ARIMA": 104.16382927212722,
        "Adj_close": 108.54939769010001
    },
    {
        "Date": "2020/08/04",
        "ARIMA": 108.3583666321665,
        "Adj_close": 109.27430588809999
    },
    {
        "Date": "2020/08/05",
        "ARIMA": 109.82196616845198,
        "Adj_close": 109.67038974879999
    },
    {
        "Date": "2020/08/06",
        "ARIMA": 109.78952275076314,
        "Adj_close": 113.4967093094
    },
    {
        "Date": "2020/08/07",
        "ARIMA": 113.9095551797203,
        "Adj_close": 110.92091866770001
    },
    {
        "Date": "2020/08/10",
        "ARIMA": 110.80860324840152,
        "Adj_close": 112.53313406790001
    },
    {
        "Date": "2020/08/11",
        "ARIMA": 112.15260777759383,
        "Adj_close": 109.1864144834
    },
    {
        "Date": "2020/08/12",
        "ARIMA": 110.01595396988249,
        "Adj_close": 112.81514697840001
    },
    {
        "Date": "2020/08/13",
        "ARIMA": 112.18748234455896,
        "Adj_close": 114.8116985576
    },
    {
        "Date": "2020/08/14",
        "ARIMA": 114.2945289018217,
        "Adj_close": 114.7093752891
    },
    {
        "Date": "2020/08/17",
        "ARIMA": 115.21040154158611,
        "Adj_close": 114.4098925523
    },
    {
        "Date": "2020/08/18",
        "ARIMA": 114.36667227606948,
        "Adj_close": 115.36324593129999
    },
    {
        "Date": "2020/08/19",
        "ARIMA": 115.91649959804566,
        "Adj_close": 115.5079959208
    },
    {
        "Date": "2020/08/20",
        "ARIMA": 115.47176898252843,
        "Adj_close": 118.0710690105
    },
    {
        "Date": "2020/08/21",
        "ARIMA": 117.59711773045493,
        "Adj_close": 124.1555599479
    },
    {
        "Date": "2020/08/24",
        "ARIMA": 123.4909059896292,
        "Adj_close": 125.6404951848
    },
    {
        "Date": "2020/08/25",
        "ARIMA": 126.08170080782266,
        "Adj_close": 124.6097754321
    },
    {
        "Date": "2020/08/26",
        "ARIMA": 125.08632571000378,
        "Adj_close": 126.3043485849
    },
    {
        "Date": "2020/08/27",
        "ARIMA": 126.56866355247327,
        "Adj_close": 124.7944564532
    },
    {
        "Date": "2020/08/28",
        "ARIMA": 125.51519931422828,
        "Adj_close": 124.5923056058
    },
    {
        "Date": "2020/08/31",
        "ARIMA": 124.31734610001209,
        "Adj_close": 128.8175078851
    },
    {
        "Date": "2020/09/01",
        "ARIMA": 128.1611277254774,
        "Adj_close": 133.9486454435
    },
    {
        "Date": "2020/09/02",
        "ARIMA": 133.7126101516085,
        "Adj_close": 131.1734387485
    },
    {
        "Date": "2020/09/03",
        "ARIMA": 131.83518685333993,
        "Adj_close": 120.67157744229999
    },
    {
        "Date": "2020/09/04",
        "ARIMA": 122.20397931015906,
        "Adj_close": 120.75143950540001
    },
    {
        "Date": "2020/09/08",
        "ARIMA": 121.4655821659831,
        "Adj_close": 112.6254745784
    },
    {
        "Date": "2020/09/09",
        "ARIMA": 113.79185842435153,
        "Adj_close": 117.11771563139999
    },
    {
        "Date": "2020/09/10",
        "ARIMA": 115.88505261312666,
        "Adj_close": 113.2943193574
    },
    {
        "Date": "2020/09/11",
        "ARIMA": 114.03078737652945,
        "Adj_close": 111.806888431
    },
    {
        "Date": "2020/09/14",
        "ARIMA": 112.0460961757816,
        "Adj_close": 115.15610370489999
    },
    {
        "Date": "2020/09/15",
        "ARIMA": 114.16953210724866,
        "Adj_close": 115.34078472600001
    },
    {
        "Date": "2020/09/16",
        "ARIMA": 116.54083067684007,
        "Adj_close": 111.93666428360001
    },
    {
        "Date": "2020/09/17",
        "ARIMA": 112.03118716377682,
        "Adj_close": 110.14975062030001
    },
    {
        "Date": "2020/09/18",
        "ARIMA": 110.40303244142667,
        "Adj_close": 106.65578535680001
    },
    {
        "Date": "2020/09/21",
        "ARIMA": 107.41494935410854,
        "Adj_close": 109.890198915
    },
    {
        "Date": "2020/09/22",
        "ARIMA": 109.28512222833027,
        "Adj_close": 111.617216031
    },
    {
        "Date": "2020/09/23",
        "ARIMA": 111.5555809214043,
        "Adj_close": 106.9353025779
    },
    {
        "Date": "2020/09/24",
        "ARIMA": 107.59771226017783,
        "Adj_close": 108.0334059464
    },
    {
        "Date": "2020/09/25",
        "ARIMA": 107.49922012405277,
        "Adj_close": 112.08640565200001
    },
    {
        "Date": "2020/09/28",
        "ARIMA": 112.1796523417222,
        "Adj_close": 114.7617847681
    },
    {
        "Date": "2020/09/29",
        "ARIMA": 114.57661074341043,
        "Adj_close": 113.8932848312
    },
    {
        "Date": "2020/09/30",
        "ARIMA": 113.6871079587062,
        "Adj_close": 115.6103191892
    },
    {
        "Date": "2020/10/01",
        "ARIMA": 115.80504781373588,
        "Adj_close": 116.58862946299999
    },
    {
        "Date": "2020/10/02",
        "ARIMA": 116.96578753344235,
        "Adj_close": 112.82512973629998
    },
    {
        "Date": "2020/10/05",
        "ARIMA": 113.3612169224841,
        "Adj_close": 116.29912948399999
    },
    {
        "Date": "2020/10/06",
        "ARIMA": 115.65156934258493,
        "Adj_close": 112.96488834690001
    },
    {
        "Date": "2020/10/07",
        "ARIMA": 113.9008612828905,
        "Adj_close": 114.8815778628
    },
    {
        "Date": "2020/10/08",
        "ARIMA": 114.4716944994555,
        "Adj_close": 114.771767526
    },
    {
        "Date": "2020/10/09",
        "ARIMA": 114.76553948089959,
        "Adj_close": 116.7683191051
    },
    {
        "Date": "2020/10/12",
        "ARIMA": 116.92060527267682,
        "Adj_close": 124.1855082215
    },
    {
        "Date": "2020/10/13",
        "ARIMA": 122.97033319633977,
        "Adj_close": 120.891198116
    },
    {
        "Date": "2020/10/14",
        "ARIMA": 122.13865535971432,
        "Adj_close": 120.98104293700001
    },
    {
        "Date": "2020/10/15",
        "ARIMA": 120.7277325204073,
        "Adj_close": 120.5018705581
    },
    {
        "Date": "2020/10/16",
        "ARIMA": 120.9127637534727,
        "Adj_close": 118.8147844737
    },
    {
        "Date": "2020/10/19",
        "ARIMA": 119.60183878034583,
        "Adj_close": 115.7800260734
    },
    {
        "Date": "2020/10/20",
        "ARIMA": 115.53054851268253,
        "Adj_close": 117.3073880315
    },
    {
        "Date": "2020/10/21",
        "ARIMA": 117.33599702860569,
        "Adj_close": 116.66849152610001
    },
    {
        "Date": "2020/10/22",
        "ARIMA": 116.94477450139274,
        "Adj_close": 115.5504226418
    },
    {
        "Date": "2020/10/23",
        "ARIMA": 115.72578564509992,
        "Adj_close": 114.84164683120001
    },
    {
        "Date": "2020/10/26",
        "ARIMA": 114.94691160330868,
        "Adj_close": 114.8516295891
    },
    {
        "Date": "2020/10/27",
        "ARIMA": 115.22059958202938,
        "Adj_close": 116.398957063
    },
    {
        "Date": "2020/10/28",
        "ARIMA": 116.178839991429,
        "Adj_close": 111.0082677993
    },
    {
        "Date": "2020/10/29",
        "ARIMA": 111.91307343607677,
        "Adj_close": 115.12116405229999
    },
    {
        "Date": "2020/10/30",
        "ARIMA": 114.42757270967263,
        "Adj_close": 108.6723024517
    },
    {
        "Date": "2020/11/02",
        "ARIMA": 110.14117186593757,
        "Adj_close": 108.58245763069999
    },
    {
        "Date": "2020/11/03",
        "ARIMA": 108.42803225708377,
        "Adj_close": 110.2495781993
    },
    {
        "Date": "2020/11/04",
        "ARIMA": 109.65828108502168,
        "Adj_close": 114.75180201020001
    },
    {
        "Date": "2020/11/05",
        "ARIMA": 114.76181932539862,
        "Adj_close": 118.82476723159999
    },
    {
        "Date": "2020/11/06",
        "ARIMA": 117.91746734392095,
        "Adj_close": 118.69
    },
    {
        "Date": "2020/11/09",
        "ARIMA": 119.38301241339744,
        "Adj_close": 116.32
    },
    {
        "Date": "2020/11/10",
        "ARIMA": 116.67282456962006,
        "Adj_close": 115.97
    },
    {
        "Date": "2020/11/11",
        "ARIMA": 116.10001407557365,
        "Adj_close": 119.49
    },
    {
        "Date": "2020/11/12",
        "ARIMA": 119.17627026395684,
        "Adj_close": 119.21
    },
    {
        "Date": "2020/11/13",
        "ARIMA": 119.31031360878033,
        "Adj_close": 119.26
    },
    {
        "Date": "2020/11/16",
        "ARIMA": 119.11636831412547,
        "Adj_close": 120.3
    },
    {
        "Date": "2020/11/17",
        "ARIMA": 120.36693626413644,
        "Adj_close": 119.39
    },
    {
        "Date": "2020/11/18",
        "ARIMA": 119.91646905956944,
        "Adj_close": 118.03
    },
    {
        "Date": "2020/11/19",
        "ARIMA": 118.06845166307671,
        "Adj_close": 118.64
    },
    {
        "Date": "2020/11/20",
        "ARIMA": 118.65497264075917,
        "Adj_close": 117.34
    },
    {
        "Date": "2020/11/23",
        "ARIMA": 117.77446381839694,
        "Adj_close": 113.85
    },
    {
        "Date": "2020/11/24",
        "ARIMA": 114.2914891068255,
        "Adj_close": 115.17
    },
    {
        "Date": "2020/11/25",
        "ARIMA": 114.96383705648908,
        "Adj_close": 116.03
    },
    {
        "Date": "2020/11/27",
        "ARIMA": 116.28270500921303,
        "Adj_close": 116.59
    },
    {
        "Date": "2020/11/30",
        "ARIMA": 116.55667949201523,
        "Adj_close": 119.05
    },
    {
        "Date": "2020/12/01",
        "ARIMA": 118.69680429216233,
        "Adj_close": 122.72
    },
    {
        "Date": "2020/12/02",
        "ARIMA": 122.68305593454794,
        "Adj_close": 123.08
    },
    {
        "Date": "2020/12/03",
        "ARIMA": 123.20232758100127,
        "Adj_close": 122.94
    },
    {
        "Date": "2020/12/04",
        "ARIMA": 122.9555906316121,
        "Adj_close": 122.25
    },
    {
        "Date": "2020/12/07",
        "ARIMA": 122.47589487447274,
        "Adj_close": 123.75
    },
    {
        "Date": "2020/12/08",
        "ARIMA": 123.66711733540332,
        "Adj_close": 124.38
    },
    {
        "Date": "2020/12/09",
        "ARIMA": 124.30534974469413,
        "Adj_close": 121.78
    },
    {
        "Date": "2020/12/10",
        "ARIMA": 122.22253428262219,
        "Adj_close": 123.24
    },
    {
        "Date": "2020/12/11",
        "ARIMA": 123.01738159647914,
        "Adj_close": 122.41
    },
    {
        "Date": "2020/12/14",
        "ARIMA": 122.86992540306107,
        "Adj_close": 121.78
    },
    {
        "Date": "2020/12/15",
        "ARIMA": 121.89208842732353,
        "Adj_close": 127.88
    },
    {
        "Date": "2020/12/16",
        "ARIMA": 126.97127212000244,
        "Adj_close": 127.81
    },
    {
        "Date": "2020/12/17",
        "ARIMA": 128.40876398091785,
        "Adj_close": 128.7
    },
    {
        "Date": "2020/12/18",
        "ARIMA": 128.48315616104526,
        "Adj_close": 126.655
    },
    {
        "Date": "2020/12/21",
        "ARIMA": 127.00696440636926,
        "Adj_close": 128.23
    },
    {
        "Date": "2020/12/22",
        "ARIMA": 128.36584353296027,
        "Adj_close": 131.88
    },
    {
        "Date": "2020/12/23",
        "ARIMA": 131.2427743220932,
        "Adj_close": 130.96
    },
    {
        "Date": "2020/12/24",
        "ARIMA": 131.3848045084465,
        "Adj_close": 131.97
    },
    {
        "Date": "2020/12/28",
        "ARIMA": 131.6627798577308,
        "Adj_close": 136.69
    },
    {
        "Date": "2020/12/29",
        "ARIMA": 136.40176361325337,
        "Adj_close": 134.87
    },
    {
        "Date": "2020/12/30",
        "ARIMA": 135.50143179863554,
        "Adj_close": 133.72
    },
    {
        "Date": "2020/12/31",
        "ARIMA": 133.63261989835132,
        "Adj_close": 132.69
    }
]