[
    {
        "Date": "2015/12/28",
        "Adj_close": 675.2
    },
    {
        "Date": "2015/12/29",
        "Adj_close": 693.97
    },
    {
        "Date": "2015/12/30",
        "Adj_close": 689.07
    },
    {
        "Date": "2015/12/31",
        "Adj_close": 675.89
    },
    {
        "Date": "2016/01/04",
        "Adj_close": 636.99
    },
    {
        "Date": "2016/01/05",
        "Adj_close": 633.79
    },
    {
        "Date": "2016/01/06",
        "Adj_close": 632.65
    },
    {
        "Date": "2016/01/07",
        "Adj_close": 607.94
    },
    {
        "Date": "2016/01/08",
        "Adj_close": 607.05
    },
    {
        "Date": "2016/01/11",
        "Adj_close": 617.74
    },
    {
        "Date": "2016/01/12",
        "Adj_close": 617.89
    },
    {
        "Date": "2016/01/13",
        "Adj_close": 581.81
    },
    {
        "Date": "2016/01/14",
        "Adj_close": 593.0
    },
    {
        "Date": "2016/01/15",
        "Adj_close": 570.18
    },
    {
        "Date": "2016/01/19",
        "Adj_close": 574.48
    },
    {
        "Date": "2016/01/20",
        "Adj_close": 571.77
    },
    {
        "Date": "2016/01/21",
        "Adj_close": 575.02
    },
    {
        "Date": "2016/01/22",
        "Adj_close": 596.38
    },
    {
        "Date": "2016/01/25",
        "Adj_close": 596.53
    },
    {
        "Date": "2016/01/26",
        "Adj_close": 601.25
    },
    {
        "Date": "2016/01/27",
        "Adj_close": 583.35
    },
    {
        "Date": "2016/01/28",
        "Adj_close": 635.35
    },
    {
        "Date": "2016/01/29",
        "Adj_close": 587.0
    },
    {
        "Date": "2016/02/01",
        "Adj_close": 574.81
    },
    {
        "Date": "2016/02/02",
        "Adj_close": 552.1
    },
    {
        "Date": "2016/02/03",
        "Adj_close": 531.07
    },
    {
        "Date": "2016/02/04",
        "Adj_close": 536.26
    },
    {
        "Date": "2016/02/05",
        "Adj_close": 502.13
    },
    {
        "Date": "2016/02/08",
        "Adj_close": 488.1
    },
    {
        "Date": "2016/02/09",
        "Adj_close": 482.07
    },
    {
        "Date": "2016/02/10",
        "Adj_close": 490.48
    },
    {
        "Date": "2016/02/11",
        "Adj_close": 503.82
    },
    {
        "Date": "2016/02/12",
        "Adj_close": 507.08
    },
    {
        "Date": "2016/02/16",
        "Adj_close": 521.1
    },
    {
        "Date": "2016/02/17",
        "Adj_close": 534.1
    },
    {
        "Date": "2016/02/18",
        "Adj_close": 525.0
    },
    {
        "Date": "2016/02/19",
        "Adj_close": 534.9
    },
    {
        "Date": "2016/02/22",
        "Adj_close": 559.5
    },
    {
        "Date": "2016/02/23",
        "Adj_close": 552.94
    },
    {
        "Date": "2016/02/24",
        "Adj_close": 554.04
    },
    {
        "Date": "2016/02/25",
        "Adj_close": 555.15
    },
    {
        "Date": "2016/02/26",
        "Adj_close": 555.23
    },
    {
        "Date": "2016/02/29",
        "Adj_close": 552.52
    },
    {
        "Date": "2016/03/01",
        "Adj_close": 579.04
    },
    {
        "Date": "2016/03/02",
        "Adj_close": 580.21
    },
    {
        "Date": "2016/03/03",
        "Adj_close": 577.49
    },
    {
        "Date": "2016/03/04",
        "Adj_close": 575.14
    },
    {
        "Date": "2016/03/07",
        "Adj_close": 562.8
    },
    {
        "Date": "2016/03/08",
        "Adj_close": 560.26
    },
    {
        "Date": "2016/03/09",
        "Adj_close": 559.47
    },
    {
        "Date": "2016/03/10",
        "Adj_close": 558.93
    },
    {
        "Date": "2016/03/11",
        "Adj_close": 569.61
    },
    {
        "Date": "2016/03/14",
        "Adj_close": 573.37
    },
    {
        "Date": "2016/03/15",
        "Adj_close": 577.02
    },
    {
        "Date": "2016/03/16",
        "Adj_close": 574.27
    },
    {
        "Date": "2016/03/17",
        "Adj_close": 559.44
    },
    {
        "Date": "2016/03/18",
        "Adj_close": 552.08
    },
    {
        "Date": "2016/03/21",
        "Adj_close": 553.98
    },
    {
        "Date": "2016/03/22",
        "Adj_close": 560.48
    },
    {
        "Date": "2016/03/23",
        "Adj_close": 569.63
    },
    {
        "Date": "2016/03/24",
        "Adj_close": 582.95
    },
    {
        "Date": "2016/03/28",
        "Adj_close": 579.87
    },
    {
        "Date": "2016/03/29",
        "Adj_close": 593.86
    },
    {
        "Date": "2016/03/30",
        "Adj_close": 598.69
    },
    {
        "Date": "2016/03/31",
        "Adj_close": 593.64
    },
    {
        "Date": "2016/04/01",
        "Adj_close": 598.5
    },
    {
        "Date": "2016/04/04",
        "Adj_close": 593.19
    },
    {
        "Date": "2016/04/05",
        "Adj_close": 586.14
    },
    {
        "Date": "2016/04/06",
        "Adj_close": 602.08
    },
    {
        "Date": "2016/04/07",
        "Adj_close": 591.43
    },
    {
        "Date": "2016/04/08",
        "Adj_close": 594.6
    },
    {
        "Date": "2016/04/11",
        "Adj_close": 595.93
    },
    {
        "Date": "2016/04/12",
        "Adj_close": 603.17
    },
    {
        "Date": "2016/04/13",
        "Adj_close": 614.82
    },
    {
        "Date": "2016/04/14",
        "Adj_close": 620.75
    },
    {
        "Date": "2016/04/15",
        "Adj_close": 625.89
    },
    {
        "Date": "2016/04/18",
        "Adj_close": 635.35
    },
    {
        "Date": "2016/04/19",
        "Adj_close": 627.9
    },
    {
        "Date": "2016/04/20",
        "Adj_close": 632.99
    },
    {
        "Date": "2016/04/21",
        "Adj_close": 631.0
    },
    {
        "Date": "2016/04/22",
        "Adj_close": 620.5
    },
    {
        "Date": "2016/04/25",
        "Adj_close": 626.2
    },
    {
        "Date": "2016/04/26",
        "Adj_close": 616.88
    },
    {
        "Date": "2016/04/27",
        "Adj_close": 606.57
    },
    {
        "Date": "2016/04/28",
        "Adj_close": 602.0
    },
    {
        "Date": "2016/04/29",
        "Adj_close": 659.59
    },
    {
        "Date": "2016/05/02",
        "Adj_close": 683.85
    },
    {
        "Date": "2016/05/03",
        "Adj_close": 671.32
    },
    {
        "Date": "2016/05/04",
        "Adj_close": 670.9
    },
    {
        "Date": "2016/05/05",
        "Adj_close": 659.09
    },
    {
        "Date": "2016/05/06",
        "Adj_close": 673.95
    },
    {
        "Date": "2016/05/09",
        "Adj_close": 679.75
    },
    {
        "Date": "2016/05/10",
        "Adj_close": 703.07
    },
    {
        "Date": "2016/05/11",
        "Adj_close": 713.23
    },
    {
        "Date": "2016/05/12",
        "Adj_close": 717.93
    },
    {
        "Date": "2016/05/13",
        "Adj_close": 709.92
    },
    {
        "Date": "2016/05/16",
        "Adj_close": 710.66
    },
    {
        "Date": "2016/05/17",
        "Adj_close": 695.27
    },
    {
        "Date": "2016/05/18",
        "Adj_close": 697.45
    },
    {
        "Date": "2016/05/19",
        "Adj_close": 698.52
    },
    {
        "Date": "2016/05/20",
        "Adj_close": 702.8
    },
    {
        "Date": "2016/05/23",
        "Adj_close": 696.75
    },
    {
        "Date": "2016/05/24",
        "Adj_close": 704.2
    },
    {
        "Date": "2016/05/25",
        "Adj_close": 708.35
    },
    {
        "Date": "2016/05/26",
        "Adj_close": 714.91
    },
    {
        "Date": "2016/05/27",
        "Adj_close": 712.24
    },
    {
        "Date": "2016/05/31",
        "Adj_close": 722.79
    },
    {
        "Date": "2016/06/01",
        "Adj_close": 719.44
    },
    {
        "Date": "2016/06/02",
        "Adj_close": 728.24
    },
    {
        "Date": "2016/06/03",
        "Adj_close": 725.54
    },
    {
        "Date": "2016/06/06",
        "Adj_close": 726.73
    },
    {
        "Date": "2016/06/07",
        "Adj_close": 723.74
    },
    {
        "Date": "2016/06/08",
        "Adj_close": 726.64
    },
    {
        "Date": "2016/06/09",
        "Adj_close": 727.65
    },
    {
        "Date": "2016/06/10",
        "Adj_close": 717.91
    },
    {
        "Date": "2016/06/13",
        "Adj_close": 715.24
    },
    {
        "Date": "2016/06/14",
        "Adj_close": 719.3
    },
    {
        "Date": "2016/06/15",
        "Adj_close": 714.26
    },
    {
        "Date": "2016/06/16",
        "Adj_close": 717.51
    },
    {
        "Date": "2016/06/17",
        "Adj_close": 706.39
    },
    {
        "Date": "2016/06/20",
        "Adj_close": 714.01
    },
    {
        "Date": "2016/06/21",
        "Adj_close": 715.82
    },
    {
        "Date": "2016/06/22",
        "Adj_close": 710.6
    },
    {
        "Date": "2016/06/23",
        "Adj_close": 722.08
    },
    {
        "Date": "2016/06/24",
        "Adj_close": 698.96
    },
    {
        "Date": "2016/06/27",
        "Adj_close": 691.36
    },
    {
        "Date": "2016/06/28",
        "Adj_close": 707.95
    },
    {
        "Date": "2016/06/29",
        "Adj_close": 715.6
    },
    {
        "Date": "2016/06/30",
        "Adj_close": 715.62
    },
    {
        "Date": "2016/07/01",
        "Adj_close": 725.68
    },
    {
        "Date": "2016/07/05",
        "Adj_close": 728.1
    },
    {
        "Date": "2016/07/06",
        "Adj_close": 737.61
    },
    {
        "Date": "2016/07/07",
        "Adj_close": 736.57
    },
    {
        "Date": "2016/07/08",
        "Adj_close": 745.81
    },
    {
        "Date": "2016/07/11",
        "Adj_close": 753.78
    },
    {
        "Date": "2016/07/12",
        "Adj_close": 748.21
    },
    {
        "Date": "2016/07/13",
        "Adj_close": 742.63
    },
    {
        "Date": "2016/07/14",
        "Adj_close": 741.2
    },
    {
        "Date": "2016/07/15",
        "Adj_close": 735.44
    },
    {
        "Date": "2016/07/18",
        "Adj_close": 736.07
    },
    {
        "Date": "2016/07/19",
        "Adj_close": 739.95
    },
    {
        "Date": "2016/07/20",
        "Adj_close": 745.72
    },
    {
        "Date": "2016/07/21",
        "Adj_close": 744.43
    },
    {
        "Date": "2016/07/22",
        "Adj_close": 744.86
    },
    {
        "Date": "2016/07/25",
        "Adj_close": 739.61
    },
    {
        "Date": "2016/07/26",
        "Adj_close": 735.59
    },
    {
        "Date": "2016/07/27",
        "Adj_close": 736.67
    },
    {
        "Date": "2016/07/28",
        "Adj_close": 752.61
    },
    {
        "Date": "2016/07/29",
        "Adj_close": 758.81
    },
    {
        "Date": "2016/08/01",
        "Adj_close": 767.74
    },
    {
        "Date": "2016/08/02",
        "Adj_close": 760.58
    },
    {
        "Date": "2016/08/03",
        "Adj_close": 754.64
    },
    {
        "Date": "2016/08/04",
        "Adj_close": 760.77
    },
    {
        "Date": "2016/08/05",
        "Adj_close": 765.98
    },
    {
        "Date": "2016/08/08",
        "Adj_close": 766.56
    },
    {
        "Date": "2016/08/09",
        "Adj_close": 768.31
    },
    {
        "Date": "2016/08/10",
        "Adj_close": 768.56
    },
    {
        "Date": "2016/08/11",
        "Adj_close": 771.24
    },
    {
        "Date": "2016/08/12",
        "Adj_close": 772.56
    },
    {
        "Date": "2016/08/15",
        "Adj_close": 768.49
    },
    {
        "Date": "2016/08/16",
        "Adj_close": 764.04
    },
    {
        "Date": "2016/08/17",
        "Adj_close": 764.63
    },
    {
        "Date": "2016/08/18",
        "Adj_close": 764.46
    },
    {
        "Date": "2016/08/19",
        "Adj_close": 757.31
    },
    {
        "Date": "2016/08/22",
        "Adj_close": 759.48
    },
    {
        "Date": "2016/08/23",
        "Adj_close": 762.45
    },
    {
        "Date": "2016/08/24",
        "Adj_close": 757.25
    },
    {
        "Date": "2016/08/25",
        "Adj_close": 759.22
    },
    {
        "Date": "2016/08/26",
        "Adj_close": 769.0
    },
    {
        "Date": "2016/08/29",
        "Adj_close": 771.29
    },
    {
        "Date": "2016/08/30",
        "Adj_close": 767.58
    },
    {
        "Date": "2016/08/31",
        "Adj_close": 769.16
    },
    {
        "Date": "2016/09/01",
        "Adj_close": 770.62
    },
    {
        "Date": "2016/09/02",
        "Adj_close": 772.44
    },
    {
        "Date": "2016/09/06",
        "Adj_close": 788.87
    },
    {
        "Date": "2016/09/07",
        "Adj_close": 784.48
    },
    {
        "Date": "2016/09/08",
        "Adj_close": 784.06
    },
    {
        "Date": "2016/09/09",
        "Adj_close": 760.14
    },
    {
        "Date": "2016/09/12",
        "Adj_close": 771.49
    },
    {
        "Date": "2016/09/13",
        "Adj_close": 761.01
    },
    {
        "Date": "2016/09/14",
        "Adj_close": 761.09
    },
    {
        "Date": "2016/09/15",
        "Adj_close": 769.69
    },
    {
        "Date": "2016/09/16",
        "Adj_close": 778.52
    },
    {
        "Date": "2016/09/19",
        "Adj_close": 775.1
    },
    {
        "Date": "2016/09/20",
        "Adj_close": 780.22
    },
    {
        "Date": "2016/09/21",
        "Adj_close": 789.74
    },
    {
        "Date": "2016/09/22",
        "Adj_close": 804.7
    },
    {
        "Date": "2016/09/23",
        "Adj_close": 805.75
    },
    {
        "Date": "2016/09/26",
        "Adj_close": 799.16
    },
    {
        "Date": "2016/09/27",
        "Adj_close": 816.11
    },
    {
        "Date": "2016/09/28",
        "Adj_close": 828.72
    },
    {
        "Date": "2016/09/29",
        "Adj_close": 829.05
    },
    {
        "Date": "2016/09/30",
        "Adj_close": 837.31
    },
    {
        "Date": "2016/10/03",
        "Adj_close": 836.74
    },
    {
        "Date": "2016/10/04",
        "Adj_close": 834.03
    },
    {
        "Date": "2016/10/05",
        "Adj_close": 844.36
    },
    {
        "Date": "2016/10/06",
        "Adj_close": 841.66
    },
    {
        "Date": "2016/10/07",
        "Adj_close": 839.43
    },
    {
        "Date": "2016/10/10",
        "Adj_close": 841.71
    },
    {
        "Date": "2016/10/11",
        "Adj_close": 831.0
    },
    {
        "Date": "2016/10/12",
        "Adj_close": 834.09
    },
    {
        "Date": "2016/10/13",
        "Adj_close": 829.28
    },
    {
        "Date": "2016/10/14",
        "Adj_close": 822.96
    },
    {
        "Date": "2016/10/17",
        "Adj_close": 812.95
    },
    {
        "Date": "2016/10/18",
        "Adj_close": 817.65
    },
    {
        "Date": "2016/10/19",
        "Adj_close": 817.69
    },
    {
        "Date": "2016/10/20",
        "Adj_close": 810.32
    },
    {
        "Date": "2016/10/21",
        "Adj_close": 818.99
    },
    {
        "Date": "2016/10/24",
        "Adj_close": 838.09
    },
    {
        "Date": "2016/10/25",
        "Adj_close": 835.18
    },
    {
        "Date": "2016/10/26",
        "Adj_close": 822.59
    },
    {
        "Date": "2016/10/27",
        "Adj_close": 818.36
    },
    {
        "Date": "2016/10/28",
        "Adj_close": 776.32
    },
    {
        "Date": "2016/10/31",
        "Adj_close": 789.82
    },
    {
        "Date": "2016/11/01",
        "Adj_close": 785.41
    },
    {
        "Date": "2016/11/02",
        "Adj_close": 765.56
    },
    {
        "Date": "2016/11/03",
        "Adj_close": 767.03
    },
    {
        "Date": "2016/11/04",
        "Adj_close": 755.05
    },
    {
        "Date": "2016/11/07",
        "Adj_close": 784.93
    },
    {
        "Date": "2016/11/08",
        "Adj_close": 787.75
    },
    {
        "Date": "2016/11/09",
        "Adj_close": 771.88
    },
    {
        "Date": "2016/11/10",
        "Adj_close": 742.38
    },
    {
        "Date": "2016/11/11",
        "Adj_close": 739.01
    },
    {
        "Date": "2016/11/14",
        "Adj_close": 719.07
    },
    {
        "Date": "2016/11/15",
        "Adj_close": 743.24
    },
    {
        "Date": "2016/11/16",
        "Adj_close": 746.49
    },
    {
        "Date": "2016/11/17",
        "Adj_close": 756.4
    },
    {
        "Date": "2016/11/18",
        "Adj_close": 760.16
    },
    {
        "Date": "2016/11/21",
        "Adj_close": 780.0
    },
    {
        "Date": "2016/11/22",
        "Adj_close": 785.33
    },
    {
        "Date": "2016/11/23",
        "Adj_close": 780.12
    },
    {
        "Date": "2016/11/25",
        "Adj_close": 780.37
    },
    {
        "Date": "2016/11/28",
        "Adj_close": 766.77
    },
    {
        "Date": "2016/11/29",
        "Adj_close": 762.52
    },
    {
        "Date": "2016/11/30",
        "Adj_close": 750.57
    },
    {
        "Date": "2016/12/01",
        "Adj_close": 743.65
    },
    {
        "Date": "2016/12/02",
        "Adj_close": 740.34
    },
    {
        "Date": "2016/12/05",
        "Adj_close": 759.36
    },
    {
        "Date": "2016/12/06",
        "Adj_close": 764.72
    },
    {
        "Date": "2016/12/07",
        "Adj_close": 770.42
    },
    {
        "Date": "2016/12/08",
        "Adj_close": 767.33
    },
    {
        "Date": "2016/12/09",
        "Adj_close": 768.66
    },
    {
        "Date": "2016/12/12",
        "Adj_close": 760.12
    },
    {
        "Date": "2016/12/13",
        "Adj_close": 774.34
    },
    {
        "Date": "2016/12/14",
        "Adj_close": 768.82
    },
    {
        "Date": "2016/12/15",
        "Adj_close": 761.0
    },
    {
        "Date": "2016/12/16",
        "Adj_close": 757.77
    },
    {
        "Date": "2016/12/19",
        "Adj_close": 766.0
    },
    {
        "Date": "2016/12/20",
        "Adj_close": 771.22
    },
    {
        "Date": "2016/12/21",
        "Adj_close": 770.6
    },
    {
        "Date": "2016/12/22",
        "Adj_close": 766.34
    },
    {
        "Date": "2016/12/23",
        "Adj_close": 760.59
    },
    {
        "Date": "2016/12/27",
        "Adj_close": 771.4
    },
    {
        "Date": "2016/12/28",
        "Adj_close": 772.13
    },
    {
        "Date": "2016/12/29",
        "Adj_close": 765.15
    },
    {
        "Date": "2016/12/30",
        "Adj_close": 749.87
    },
    {
        "Date": "2017/01/03",
        "Adj_close": 753.67
    },
    {
        "Date": "2017/01/04",
        "Adj_close": 757.18
    },
    {
        "Date": "2017/01/05",
        "Adj_close": 780.45
    },
    {
        "Date": "2017/01/06",
        "Adj_close": 795.99
    },
    {
        "Date": "2017/01/09",
        "Adj_close": 796.92
    },
    {
        "Date": "2017/01/10",
        "Adj_close": 795.9
    },
    {
        "Date": "2017/01/11",
        "Adj_close": 799.02
    },
    {
        "Date": "2017/01/12",
        "Adj_close": 813.64
    },
    {
        "Date": "2017/01/13",
        "Adj_close": 817.14
    },
    {
        "Date": "2017/01/17",
        "Adj_close": 809.72
    },
    {
        "Date": "2017/01/18",
        "Adj_close": 807.48
    },
    {
        "Date": "2017/01/19",
        "Adj_close": 809.04
    },
    {
        "Date": "2017/01/20",
        "Adj_close": 808.33
    },
    {
        "Date": "2017/01/23",
        "Adj_close": 817.88
    },
    {
        "Date": "2017/01/24",
        "Adj_close": 822.44
    },
    {
        "Date": "2017/01/25",
        "Adj_close": 836.52
    },
    {
        "Date": "2017/01/26",
        "Adj_close": 839.15
    },
    {
        "Date": "2017/01/27",
        "Adj_close": 835.77
    },
    {
        "Date": "2017/01/30",
        "Adj_close": 830.38
    },
    {
        "Date": "2017/01/31",
        "Adj_close": 823.48
    },
    {
        "Date": "2017/02/01",
        "Adj_close": 832.35
    },
    {
        "Date": "2017/02/02",
        "Adj_close": 839.95
    },
    {
        "Date": "2017/02/03",
        "Adj_close": 810.2
    },
    {
        "Date": "2017/02/06",
        "Adj_close": 807.64
    },
    {
        "Date": "2017/02/07",
        "Adj_close": 812.5
    },
    {
        "Date": "2017/02/08",
        "Adj_close": 819.71
    },
    {
        "Date": "2017/02/09",
        "Adj_close": 821.36
    },
    {
        "Date": "2017/02/10",
        "Adj_close": 827.46
    },
    {
        "Date": "2017/02/13",
        "Adj_close": 836.53
    },
    {
        "Date": "2017/02/14",
        "Adj_close": 836.39
    },
    {
        "Date": "2017/02/15",
        "Adj_close": 842.7
    },
    {
        "Date": "2017/02/16",
        "Adj_close": 844.14
    },
    {
        "Date": "2017/02/17",
        "Adj_close": 845.07
    },
    {
        "Date": "2017/02/21",
        "Adj_close": 856.44
    },
    {
        "Date": "2017/02/22",
        "Adj_close": 855.61
    },
    {
        "Date": "2017/02/23",
        "Adj_close": 852.19
    },
    {
        "Date": "2017/02/24",
        "Adj_close": 845.24
    },
    {
        "Date": "2017/02/27",
        "Adj_close": 848.64
    },
    {
        "Date": "2017/02/28",
        "Adj_close": 845.04
    },
    {
        "Date": "2017/03/01",
        "Adj_close": 853.08
    },
    {
        "Date": "2017/03/02",
        "Adj_close": 848.91
    },
    {
        "Date": "2017/03/03",
        "Adj_close": 849.88
    },
    {
        "Date": "2017/03/06",
        "Adj_close": 846.61
    },
    {
        "Date": "2017/03/07",
        "Adj_close": 846.02
    },
    {
        "Date": "2017/03/08",
        "Adj_close": 850.5
    },
    {
        "Date": "2017/03/09",
        "Adj_close": 853.0
    },
    {
        "Date": "2017/03/10",
        "Adj_close": 852.46
    },
    {
        "Date": "2017/03/13",
        "Adj_close": 854.59
    },
    {
        "Date": "2017/03/14",
        "Adj_close": 852.53
    },
    {
        "Date": "2017/03/15",
        "Adj_close": 852.97
    },
    {
        "Date": "2017/03/16",
        "Adj_close": 853.42
    },
    {
        "Date": "2017/03/17",
        "Adj_close": 852.31
    },
    {
        "Date": "2017/03/20",
        "Adj_close": 856.97
    },
    {
        "Date": "2017/03/21",
        "Adj_close": 843.2
    },
    {
        "Date": "2017/03/22",
        "Adj_close": 848.06
    },
    {
        "Date": "2017/03/23",
        "Adj_close": 847.38
    },
    {
        "Date": "2017/03/24",
        "Adj_close": 845.61
    },
    {
        "Date": "2017/03/27",
        "Adj_close": 846.82
    },
    {
        "Date": "2017/03/28",
        "Adj_close": 856.0
    },
    {
        "Date": "2017/03/29",
        "Adj_close": 874.32
    },
    {
        "Date": "2017/03/30",
        "Adj_close": 876.34
    },
    {
        "Date": "2017/03/31",
        "Adj_close": 886.54
    },
    {
        "Date": "2017/04/03",
        "Adj_close": 891.51
    },
    {
        "Date": "2017/04/04",
        "Adj_close": 906.83
    },
    {
        "Date": "2017/04/05",
        "Adj_close": 909.28
    },
    {
        "Date": "2017/04/06",
        "Adj_close": 898.28
    },
    {
        "Date": "2017/04/07",
        "Adj_close": 894.88
    },
    {
        "Date": "2017/04/10",
        "Adj_close": 907.04
    },
    {
        "Date": "2017/04/11",
        "Adj_close": 902.36
    },
    {
        "Date": "2017/04/12",
        "Adj_close": 896.23
    },
    {
        "Date": "2017/04/13",
        "Adj_close": 884.67
    },
    {
        "Date": "2017/04/17",
        "Adj_close": 901.99
    },
    {
        "Date": "2017/04/18",
        "Adj_close": 903.78
    },
    {
        "Date": "2017/04/19",
        "Adj_close": 899.2
    },
    {
        "Date": "2017/04/20",
        "Adj_close": 902.06
    },
    {
        "Date": "2017/04/21",
        "Adj_close": 898.53
    },
    {
        "Date": "2017/04/24",
        "Adj_close": 907.41
    },
    {
        "Date": "2017/04/25",
        "Adj_close": 907.62
    },
    {
        "Date": "2017/04/26",
        "Adj_close": 909.29
    },
    {
        "Date": "2017/04/27",
        "Adj_close": 918.38
    },
    {
        "Date": "2017/04/28",
        "Adj_close": 924.99
    },
    {
        "Date": "2017/05/01",
        "Adj_close": 948.23
    },
    {
        "Date": "2017/05/02",
        "Adj_close": 946.94
    },
    {
        "Date": "2017/05/03",
        "Adj_close": 941.03
    },
    {
        "Date": "2017/05/04",
        "Adj_close": 937.53
    },
    {
        "Date": "2017/05/05",
        "Adj_close": 934.15
    },
    {
        "Date": "2017/05/08",
        "Adj_close": 949.04
    },
    {
        "Date": "2017/05/09",
        "Adj_close": 952.82
    },
    {
        "Date": "2017/05/10",
        "Adj_close": 948.95
    },
    {
        "Date": "2017/05/11",
        "Adj_close": 947.62
    },
    {
        "Date": "2017/05/12",
        "Adj_close": 961.35
    },
    {
        "Date": "2017/05/15",
        "Adj_close": 957.97
    },
    {
        "Date": "2017/05/16",
        "Adj_close": 966.07
    },
    {
        "Date": "2017/05/17",
        "Adj_close": 944.76
    },
    {
        "Date": "2017/05/18",
        "Adj_close": 958.49
    },
    {
        "Date": "2017/05/19",
        "Adj_close": 959.84
    },
    {
        "Date": "2017/05/22",
        "Adj_close": 970.67
    },
    {
        "Date": "2017/05/23",
        "Adj_close": 971.54
    },
    {
        "Date": "2017/05/24",
        "Adj_close": 980.35
    },
    {
        "Date": "2017/05/25",
        "Adj_close": 993.38
    },
    {
        "Date": "2017/05/26",
        "Adj_close": 995.78
    },
    {
        "Date": "2017/05/30",
        "Adj_close": 996.7
    },
    {
        "Date": "2017/05/31",
        "Adj_close": 994.62
    },
    {
        "Date": "2017/06/01",
        "Adj_close": 995.95
    },
    {
        "Date": "2017/06/02",
        "Adj_close": 1006.73
    },
    {
        "Date": "2017/06/05",
        "Adj_close": 1011.34
    },
    {
        "Date": "2017/06/06",
        "Adj_close": 1003.0
    },
    {
        "Date": "2017/06/07",
        "Adj_close": 1010.07
    },
    {
        "Date": "2017/06/08",
        "Adj_close": 1010.27
    },
    {
        "Date": "2017/06/09",
        "Adj_close": 978.31
    },
    {
        "Date": "2017/06/12",
        "Adj_close": 964.91
    },
    {
        "Date": "2017/06/13",
        "Adj_close": 980.79
    },
    {
        "Date": "2017/06/14",
        "Adj_close": 976.47
    },
    {
        "Date": "2017/06/15",
        "Adj_close": 964.17
    },
    {
        "Date": "2017/06/16",
        "Adj_close": 987.71
    },
    {
        "Date": "2017/06/19",
        "Adj_close": 995.17
    },
    {
        "Date": "2017/06/20",
        "Adj_close": 992.59
    },
    {
        "Date": "2017/06/21",
        "Adj_close": 1002.23
    },
    {
        "Date": "2017/06/22",
        "Adj_close": 1001.3
    },
    {
        "Date": "2017/06/23",
        "Adj_close": 1003.74
    },
    {
        "Date": "2017/06/26",
        "Adj_close": 993.98
    },
    {
        "Date": "2017/06/27",
        "Adj_close": 976.78
    },
    {
        "Date": "2017/06/28",
        "Adj_close": 990.33
    },
    {
        "Date": "2017/06/29",
        "Adj_close": 975.93
    },
    {
        "Date": "2017/06/30",
        "Adj_close": 968.0
    },
    {
        "Date": "2017/07/03",
        "Adj_close": 953.66
    },
    {
        "Date": "2017/07/05",
        "Adj_close": 971.4
    },
    {
        "Date": "2017/07/06",
        "Adj_close": 965.14
    },
    {
        "Date": "2017/07/07",
        "Adj_close": 978.76
    },
    {
        "Date": "2017/07/10",
        "Adj_close": 996.47
    },
    {
        "Date": "2017/07/11",
        "Adj_close": 994.13
    },
    {
        "Date": "2017/07/12",
        "Adj_close": 1006.51
    },
    {
        "Date": "2017/07/13",
        "Adj_close": 1000.63
    },
    {
        "Date": "2017/07/14",
        "Adj_close": 1001.81
    },
    {
        "Date": "2017/07/17",
        "Adj_close": 1010.04
    },
    {
        "Date": "2017/07/18",
        "Adj_close": 1024.45
    },
    {
        "Date": "2017/07/19",
        "Adj_close": 1026.87
    },
    {
        "Date": "2017/07/20",
        "Adj_close": 1028.7
    },
    {
        "Date": "2017/07/21",
        "Adj_close": 1025.67
    },
    {
        "Date": "2017/07/24",
        "Adj_close": 1038.95
    },
    {
        "Date": "2017/07/25",
        "Adj_close": 1039.87
    },
    {
        "Date": "2017/07/26",
        "Adj_close": 1052.8
    },
    {
        "Date": "2017/07/27",
        "Adj_close": 1046.0
    },
    {
        "Date": "2017/07/28",
        "Adj_close": 1020.04
    },
    {
        "Date": "2017/07/31",
        "Adj_close": 987.78
    },
    {
        "Date": "2017/08/01",
        "Adj_close": 992.27
    },
    {
        "Date": "2017/08/02",
        "Adj_close": 995.89
    },
    {
        "Date": "2017/08/03",
        "Adj_close": 986.92
    },
    {
        "Date": "2017/08/04",
        "Adj_close": 987.58
    },
    {
        "Date": "2017/08/07",
        "Adj_close": 992.27
    },
    {
        "Date": "2017/08/08",
        "Adj_close": 989.84
    },
    {
        "Date": "2017/08/09",
        "Adj_close": 982.01
    },
    {
        "Date": "2017/08/10",
        "Adj_close": 956.92
    },
    {
        "Date": "2017/08/11",
        "Adj_close": 967.99
    },
    {
        "Date": "2017/08/14",
        "Adj_close": 983.3
    },
    {
        "Date": "2017/08/15",
        "Adj_close": 982.74
    },
    {
        "Date": "2017/08/16",
        "Adj_close": 978.18
    },
    {
        "Date": "2017/08/17",
        "Adj_close": 960.57
    },
    {
        "Date": "2017/08/18",
        "Adj_close": 958.47
    },
    {
        "Date": "2017/08/21",
        "Adj_close": 953.29
    },
    {
        "Date": "2017/08/22",
        "Adj_close": 966.9
    },
    {
        "Date": "2017/08/23",
        "Adj_close": 958.0
    },
    {
        "Date": "2017/08/24",
        "Adj_close": 952.45
    },
    {
        "Date": "2017/08/25",
        "Adj_close": 945.26
    },
    {
        "Date": "2017/08/28",
        "Adj_close": 946.02
    },
    {
        "Date": "2017/08/29",
        "Adj_close": 954.06
    },
    {
        "Date": "2017/08/30",
        "Adj_close": 967.59
    },
    {
        "Date": "2017/08/31",
        "Adj_close": 980.6
    },
    {
        "Date": "2017/09/01",
        "Adj_close": 978.25
    },
    {
        "Date": "2017/09/05",
        "Adj_close": 965.27
    },
    {
        "Date": "2017/09/06",
        "Adj_close": 967.8
    },
    {
        "Date": "2017/09/07",
        "Adj_close": 979.47
    },
    {
        "Date": "2017/09/08",
        "Adj_close": 965.9
    },
    {
        "Date": "2017/09/11",
        "Adj_close": 977.96
    },
    {
        "Date": "2017/09/12",
        "Adj_close": 982.58
    },
    {
        "Date": "2017/09/13",
        "Adj_close": 999.6
    },
    {
        "Date": "2017/09/14",
        "Adj_close": 992.21
    },
    {
        "Date": "2017/09/15",
        "Adj_close": 986.79
    },
    {
        "Date": "2017/09/18",
        "Adj_close": 974.19
    },
    {
        "Date": "2017/09/19",
        "Adj_close": 969.86
    },
    {
        "Date": "2017/09/20",
        "Adj_close": 973.21
    },
    {
        "Date": "2017/09/21",
        "Adj_close": 964.65
    },
    {
        "Date": "2017/09/22",
        "Adj_close": 955.1
    },
    {
        "Date": "2017/09/25",
        "Adj_close": 939.79
    },
    {
        "Date": "2017/09/26",
        "Adj_close": 938.6
    },
    {
        "Date": "2017/09/27",
        "Adj_close": 950.87
    },
    {
        "Date": "2017/09/28",
        "Adj_close": 956.4
    },
    {
        "Date": "2017/09/29",
        "Adj_close": 961.35
    },
    {
        "Date": "2017/10/02",
        "Adj_close": 959.19
    },
    {
        "Date": "2017/10/03",
        "Adj_close": 957.1
    },
    {
        "Date": "2017/10/04",
        "Adj_close": 965.45
    },
    {
        "Date": "2017/10/05",
        "Adj_close": 980.85
    },
    {
        "Date": "2017/10/06",
        "Adj_close": 989.58
    },
    {
        "Date": "2017/10/09",
        "Adj_close": 990.99
    },
    {
        "Date": "2017/10/10",
        "Adj_close": 987.2
    },
    {
        "Date": "2017/10/11",
        "Adj_close": 995.0
    },
    {
        "Date": "2017/10/12",
        "Adj_close": 1000.93
    },
    {
        "Date": "2017/10/13",
        "Adj_close": 1002.94
    },
    {
        "Date": "2017/10/16",
        "Adj_close": 1006.34
    },
    {
        "Date": "2017/10/17",
        "Adj_close": 1009.13
    },
    {
        "Date": "2017/10/18",
        "Adj_close": 997.0
    },
    {
        "Date": "2017/10/19",
        "Adj_close": 986.61
    },
    {
        "Date": "2017/10/20",
        "Adj_close": 982.91
    },
    {
        "Date": "2017/10/23",
        "Adj_close": 966.3
    },
    {
        "Date": "2017/10/24",
        "Adj_close": 975.9
    },
    {
        "Date": "2017/10/25",
        "Adj_close": 972.91
    },
    {
        "Date": "2017/10/26",
        "Adj_close": 972.43
    },
    {
        "Date": "2017/10/27",
        "Adj_close": 1100.95
    },
    {
        "Date": "2017/10/30",
        "Adj_close": 1110.85
    },
    {
        "Date": "2017/10/31",
        "Adj_close": 1105.28
    },
    {
        "Date": "2017/11/01",
        "Adj_close": 1103.68
    },
    {
        "Date": "2017/11/02",
        "Adj_close": 1094.22
    },
    {
        "Date": "2017/11/03",
        "Adj_close": 1111.6
    },
    {
        "Date": "2017/11/06",
        "Adj_close": 1120.66
    },
    {
        "Date": "2017/11/07",
        "Adj_close": 1123.17
    },
    {
        "Date": "2017/11/08",
        "Adj_close": 1132.88
    },
    {
        "Date": "2017/11/09",
        "Adj_close": 1129.13
    },
    {
        "Date": "2017/11/10",
        "Adj_close": 1125.35
    },
    {
        "Date": "2017/11/13",
        "Adj_close": 1129.17
    },
    {
        "Date": "2017/11/14",
        "Adj_close": 1136.84
    },
    {
        "Date": "2017/11/15",
        "Adj_close": 1126.69
    },
    {
        "Date": "2017/11/16",
        "Adj_close": 1137.29
    },
    {
        "Date": "2017/11/17",
        "Adj_close": 1129.88
    },
    {
        "Date": "2017/11/20",
        "Adj_close": 1126.31
    },
    {
        "Date": "2017/11/21",
        "Adj_close": 1139.49
    },
    {
        "Date": "2017/11/22",
        "Adj_close": 1156.16
    },
    {
        "Date": "2017/11/24",
        "Adj_close": 1186.0
    },
    {
        "Date": "2017/11/27",
        "Adj_close": 1195.83
    },
    {
        "Date": "2017/11/28",
        "Adj_close": 1193.6
    },
    {
        "Date": "2017/11/29",
        "Adj_close": 1161.27
    },
    {
        "Date": "2017/11/30",
        "Adj_close": 1176.75
    },
    {
        "Date": "2017/12/01",
        "Adj_close": 1162.35
    },
    {
        "Date": "2017/12/04",
        "Adj_close": 1133.95
    },
    {
        "Date": "2017/12/05",
        "Adj_close": 1141.57
    },
    {
        "Date": "2017/12/06",
        "Adj_close": 1152.35
    },
    {
        "Date": "2017/12/07",
        "Adj_close": 1159.79
    },
    {
        "Date": "2017/12/08",
        "Adj_close": 1162.0
    },
    {
        "Date": "2017/12/11",
        "Adj_close": 1168.92
    },
    {
        "Date": "2017/12/12",
        "Adj_close": 1165.08
    },
    {
        "Date": "2017/12/13",
        "Adj_close": 1164.13
    },
    {
        "Date": "2017/12/14",
        "Adj_close": 1174.26
    },
    {
        "Date": "2017/12/15",
        "Adj_close": 1179.14
    },
    {
        "Date": "2017/12/18",
        "Adj_close": 1190.58
    },
    {
        "Date": "2017/12/19",
        "Adj_close": 1187.38
    },
    {
        "Date": "2017/12/20",
        "Adj_close": 1177.62
    },
    {
        "Date": "2017/12/21",
        "Adj_close": 1174.76
    },
    {
        "Date": "2017/12/22",
        "Adj_close": 1168.36
    },
    {
        "Date": "2017/12/26",
        "Adj_close": 1176.76
    },
    {
        "Date": "2017/12/27",
        "Adj_close": 1182.26
    },
    {
        "Date": "2017/12/28",
        "Adj_close": 1186.1
    },
    {
        "Date": "2017/12/29",
        "Adj_close": 1169.47
    },
    {
        "Date": "2018/01/02",
        "Adj_close": 1189.01
    },
    {
        "Date": "2018/01/03",
        "Adj_close": 1204.2
    },
    {
        "Date": "2018/01/04",
        "Adj_close": 1209.59
    },
    {
        "Date": "2018/01/05",
        "Adj_close": 1229.14
    },
    {
        "Date": "2018/01/08",
        "Adj_close": 1246.87
    },
    {
        "Date": "2018/01/09",
        "Adj_close": 1252.7
    },
    {
        "Date": "2018/01/10",
        "Adj_close": 1254.33
    },
    {
        "Date": "2018/01/11",
        "Adj_close": 1276.68
    },
    {
        "Date": "2018/01/12",
        "Adj_close": 1305.2
    },
    {
        "Date": "2018/01/16",
        "Adj_close": 1304.86
    },
    {
        "Date": "2018/01/17",
        "Adj_close": 1295.0
    },
    {
        "Date": "2018/01/18",
        "Adj_close": 1293.32
    },
    {
        "Date": "2018/01/19",
        "Adj_close": 1294.58
    },
    {
        "Date": "2018/01/22",
        "Adj_close": 1327.31
    },
    {
        "Date": "2018/01/23",
        "Adj_close": 1362.54
    },
    {
        "Date": "2018/01/24",
        "Adj_close": 1357.51
    },
    {
        "Date": "2018/01/25",
        "Adj_close": 1377.95
    },
    {
        "Date": "2018/01/26",
        "Adj_close": 1402.05
    },
    {
        "Date": "2018/01/29",
        "Adj_close": 1417.68
    },
    {
        "Date": "2018/01/30",
        "Adj_close": 1437.82
    },
    {
        "Date": "2018/01/31",
        "Adj_close": 1450.89
    },
    {
        "Date": "2018/02/01",
        "Adj_close": 1390.0
    },
    {
        "Date": "2018/02/02",
        "Adj_close": 1429.95
    },
    {
        "Date": "2018/02/05",
        "Adj_close": 1390.0
    },
    {
        "Date": "2018/02/06",
        "Adj_close": 1442.84
    },
    {
        "Date": "2018/02/07",
        "Adj_close": 1416.78
    },
    {
        "Date": "2018/02/08",
        "Adj_close": 1350.5
    },
    {
        "Date": "2018/02/09",
        "Adj_close": 1339.6
    },
    {
        "Date": "2018/02/12",
        "Adj_close": 1386.23
    },
    {
        "Date": "2018/02/13",
        "Adj_close": 1414.51
    },
    {
        "Date": "2018/02/14",
        "Adj_close": 1451.05
    },
    {
        "Date": "2018/02/15",
        "Adj_close": 1461.76
    },
    {
        "Date": "2018/02/16",
        "Adj_close": 1448.69
    },
    {
        "Date": "2018/02/20",
        "Adj_close": 1468.35
    },
    {
        "Date": "2018/02/21",
        "Adj_close": 1482.92
    },
    {
        "Date": "2018/02/22",
        "Adj_close": 1485.34
    },
    {
        "Date": "2018/02/23",
        "Adj_close": 1500.0
    },
    {
        "Date": "2018/02/26",
        "Adj_close": 1521.95
    },
    {
        "Date": "2018/02/27",
        "Adj_close": 1511.98
    },
    {
        "Date": "2018/02/28",
        "Adj_close": 1512.45
    },
    {
        "Date": "2018/03/01",
        "Adj_close": 1493.45
    },
    {
        "Date": "2018/03/02",
        "Adj_close": 1500.25
    },
    {
        "Date": "2018/03/05",
        "Adj_close": 1523.61
    },
    {
        "Date": "2018/03/06",
        "Adj_close": 1537.64
    },
    {
        "Date": "2018/03/07",
        "Adj_close": 1545.0
    },
    {
        "Date": "2018/03/08",
        "Adj_close": 1551.86
    },
    {
        "Date": "2018/03/09",
        "Adj_close": 1578.89
    },
    {
        "Date": "2018/03/12",
        "Adj_close": 1598.39
    },
    {
        "Date": "2018/03/13",
        "Adj_close": 1588.18
    },
    {
        "Date": "2018/03/14",
        "Adj_close": 1591.0
    },
    {
        "Date": "2018/03/15",
        "Adj_close": 1582.32
    },
    {
        "Date": "2018/03/16",
        "Adj_close": 1571.68
    },
    {
        "Date": "2018/03/19",
        "Adj_close": 1544.93
    },
    {
        "Date": "2018/03/20",
        "Adj_close": 1586.51
    },
    {
        "Date": "2018/03/21",
        "Adj_close": 1581.86
    },
    {
        "Date": "2018/03/22",
        "Adj_close": 1544.92
    },
    {
        "Date": "2018/03/23",
        "Adj_close": 1495.56
    },
    {
        "Date": "2018/03/26",
        "Adj_close": 1555.86
    },
    {
        "Date": "2018/03/27",
        "Adj_close": 1497.05
    },
    {
        "Date": "2018/03/28",
        "Adj_close": 1431.42
    },
    {
        "Date": "2018/03/29",
        "Adj_close": 1447.34
    },
    {
        "Date": "2018/04/02",
        "Adj_close": 1371.99
    },
    {
        "Date": "2018/04/03",
        "Adj_close": 1392.05
    },
    {
        "Date": "2018/04/04",
        "Adj_close": 1410.57
    },
    {
        "Date": "2018/04/05",
        "Adj_close": 1451.75
    },
    {
        "Date": "2018/04/06",
        "Adj_close": 1405.23
    },
    {
        "Date": "2018/04/09",
        "Adj_close": 1406.08
    },
    {
        "Date": "2018/04/10",
        "Adj_close": 1436.22
    },
    {
        "Date": "2018/04/11",
        "Adj_close": 1427.05
    },
    {
        "Date": "2018/04/12",
        "Adj_close": 1448.5
    },
    {
        "Date": "2018/04/13",
        "Adj_close": 1430.79
    },
    {
        "Date": "2018/04/16",
        "Adj_close": 1441.5
    },
    {
        "Date": "2018/04/17",
        "Adj_close": 1503.83
    },
    {
        "Date": "2018/04/18",
        "Adj_close": 1527.84
    },
    {
        "Date": "2018/04/19",
        "Adj_close": 1556.91
    },
    {
        "Date": "2018/04/20",
        "Adj_close": 1527.49
    },
    {
        "Date": "2018/04/23",
        "Adj_close": 1517.86
    },
    {
        "Date": "2018/04/24",
        "Adj_close": 1460.09
    },
    {
        "Date": "2018/04/25",
        "Adj_close": 1460.17
    },
    {
        "Date": "2018/04/26",
        "Adj_close": 1517.96
    },
    {
        "Date": "2018/04/27",
        "Adj_close": 1572.62
    },
    {
        "Date": "2018/04/30",
        "Adj_close": 1566.13
    },
    {
        "Date": "2018/05/01",
        "Adj_close": 1582.26
    },
    {
        "Date": "2018/05/02",
        "Adj_close": 1569.68
    },
    {
        "Date": "2018/05/03",
        "Adj_close": 1572.08
    },
    {
        "Date": "2018/05/04",
        "Adj_close": 1580.95
    },
    {
        "Date": "2018/05/07",
        "Adj_close": 1600.14
    },
    {
        "Date": "2018/05/08",
        "Adj_close": 1592.39
    },
    {
        "Date": "2018/05/09",
        "Adj_close": 1608.0
    },
    {
        "Date": "2018/05/10",
        "Adj_close": 1609.08
    },
    {
        "Date": "2018/05/11",
        "Adj_close": 1602.91
    },
    {
        "Date": "2018/05/14",
        "Adj_close": 1601.54
    },
    {
        "Date": "2018/05/15",
        "Adj_close": 1576.12
    },
    {
        "Date": "2018/05/16",
        "Adj_close": 1587.28
    },
    {
        "Date": "2018/05/17",
        "Adj_close": 1581.76
    },
    {
        "Date": "2018/05/18",
        "Adj_close": 1574.37
    },
    {
        "Date": "2018/05/21",
        "Adj_close": 1585.46
    },
    {
        "Date": "2018/05/22",
        "Adj_close": 1581.4
    },
    {
        "Date": "2018/05/23",
        "Adj_close": 1601.86
    },
    {
        "Date": "2018/05/24",
        "Adj_close": 1603.07
    },
    {
        "Date": "2018/05/25",
        "Adj_close": 1610.15
    },
    {
        "Date": "2018/05/29",
        "Adj_close": 1612.87
    },
    {
        "Date": "2018/05/30",
        "Adj_close": 1624.89
    },
    {
        "Date": "2018/05/31",
        "Adj_close": 1629.62
    },
    {
        "Date": "2018/06/01",
        "Adj_close": 1641.54
    },
    {
        "Date": "2018/06/04",
        "Adj_close": 1665.27
    },
    {
        "Date": "2018/06/05",
        "Adj_close": 1696.35
    },
    {
        "Date": "2018/06/06",
        "Adj_close": 1695.75
    },
    {
        "Date": "2018/06/07",
        "Adj_close": 1689.3
    },
    {
        "Date": "2018/06/08",
        "Adj_close": 1683.99
    },
    {
        "Date": "2018/06/11",
        "Adj_close": 1689.12
    },
    {
        "Date": "2018/06/12",
        "Adj_close": 1698.75
    },
    {
        "Date": "2018/06/13",
        "Adj_close": 1704.86
    },
    {
        "Date": "2018/06/14",
        "Adj_close": 1723.86
    },
    {
        "Date": "2018/06/15",
        "Adj_close": 1715.97
    },
    {
        "Date": "2018/06/18",
        "Adj_close": 1723.79
    },
    {
        "Date": "2018/06/19",
        "Adj_close": 1734.78
    },
    {
        "Date": "2018/06/20",
        "Adj_close": 1750.08
    },
    {
        "Date": "2018/06/21",
        "Adj_close": 1730.22
    },
    {
        "Date": "2018/06/22",
        "Adj_close": 1715.67
    },
    {
        "Date": "2018/06/25",
        "Adj_close": 1663.15
    },
    {
        "Date": "2018/06/26",
        "Adj_close": 1691.09
    },
    {
        "Date": "2018/06/27",
        "Adj_close": 1660.51
    },
    {
        "Date": "2018/06/28",
        "Adj_close": 1701.45
    },
    {
        "Date": "2018/06/29",
        "Adj_close": 1699.8
    },
    {
        "Date": "2018/07/02",
        "Adj_close": 1713.78
    },
    {
        "Date": "2018/07/03",
        "Adj_close": 1693.96
    },
    {
        "Date": "2018/07/05",
        "Adj_close": 1699.73
    },
    {
        "Date": "2018/07/06",
        "Adj_close": 1710.63
    },
    {
        "Date": "2018/07/09",
        "Adj_close": 1739.02
    },
    {
        "Date": "2018/07/10",
        "Adj_close": 1743.07
    },
    {
        "Date": "2018/07/11",
        "Adj_close": 1755.0
    },
    {
        "Date": "2018/07/12",
        "Adj_close": 1796.62
    },
    {
        "Date": "2018/07/13",
        "Adj_close": 1813.03
    },
    {
        "Date": "2018/07/16",
        "Adj_close": 1822.49
    },
    {
        "Date": "2018/07/17",
        "Adj_close": 1843.93
    },
    {
        "Date": "2018/07/18",
        "Adj_close": 1842.92
    },
    {
        "Date": "2018/07/19",
        "Adj_close": 1812.97
    },
    {
        "Date": "2018/07/20",
        "Adj_close": 1813.7
    },
    {
        "Date": "2018/07/23",
        "Adj_close": 1802.0
    },
    {
        "Date": "2018/07/24",
        "Adj_close": 1829.24
    },
    {
        "Date": "2018/07/25",
        "Adj_close": 1863.61
    },
    {
        "Date": "2018/07/26",
        "Adj_close": 1808.0
    },
    {
        "Date": "2018/07/27",
        "Adj_close": 1817.27
    },
    {
        "Date": "2018/07/30",
        "Adj_close": 1779.22
    },
    {
        "Date": "2018/07/31",
        "Adj_close": 1777.44
    },
    {
        "Date": "2018/08/01",
        "Adj_close": 1797.17
    },
    {
        "Date": "2018/08/02",
        "Adj_close": 1834.33
    },
    {
        "Date": "2018/08/03",
        "Adj_close": 1823.29
    },
    {
        "Date": "2018/08/06",
        "Adj_close": 1847.75
    },
    {
        "Date": "2018/08/07",
        "Adj_close": 1862.48
    },
    {
        "Date": "2018/08/08",
        "Adj_close": 1886.52
    },
    {
        "Date": "2018/08/09",
        "Adj_close": 1898.52
    },
    {
        "Date": "2018/08/10",
        "Adj_close": 1886.3
    },
    {
        "Date": "2018/08/13",
        "Adj_close": 1896.2
    },
    {
        "Date": "2018/08/14",
        "Adj_close": 1919.65
    },
    {
        "Date": "2018/08/15",
        "Adj_close": 1882.62
    },
    {
        "Date": "2018/08/16",
        "Adj_close": 1886.52
    },
    {
        "Date": "2018/08/17",
        "Adj_close": 1882.22
    },
    {
        "Date": "2018/08/20",
        "Adj_close": 1876.71
    },
    {
        "Date": "2018/08/21",
        "Adj_close": 1883.42
    },
    {
        "Date": "2018/08/22",
        "Adj_close": 1904.9
    },
    {
        "Date": "2018/08/23",
        "Adj_close": 1902.9
    },
    {
        "Date": "2018/08/24",
        "Adj_close": 1905.39
    },
    {
        "Date": "2018/08/27",
        "Adj_close": 1927.68
    },
    {
        "Date": "2018/08/28",
        "Adj_close": 1932.82
    },
    {
        "Date": "2018/08/29",
        "Adj_close": 1998.1
    },
    {
        "Date": "2018/08/30",
        "Adj_close": 2002.38
    },
    {
        "Date": "2018/08/31",
        "Adj_close": 2012.71
    },
    {
        "Date": "2018/09/04",
        "Adj_close": 2039.51
    },
    {
        "Date": "2018/09/05",
        "Adj_close": 1994.82
    },
    {
        "Date": "2018/09/06",
        "Adj_close": 1958.31
    },
    {
        "Date": "2018/09/07",
        "Adj_close": 1952.07
    },
    {
        "Date": "2018/09/10",
        "Adj_close": 1939.01
    },
    {
        "Date": "2018/09/11",
        "Adj_close": 1987.15
    },
    {
        "Date": "2018/09/12",
        "Adj_close": 1990.0
    },
    {
        "Date": "2018/09/13",
        "Adj_close": 1989.87
    },
    {
        "Date": "2018/09/14",
        "Adj_close": 1970.19
    },
    {
        "Date": "2018/09/17",
        "Adj_close": 1908.03
    },
    {
        "Date": "2018/09/18",
        "Adj_close": 1941.05
    },
    {
        "Date": "2018/09/19",
        "Adj_close": 1926.42
    },
    {
        "Date": "2018/09/20",
        "Adj_close": 1944.3
    },
    {
        "Date": "2018/09/21",
        "Adj_close": 1915.01
    },
    {
        "Date": "2018/09/24",
        "Adj_close": 1934.36
    },
    {
        "Date": "2018/09/25",
        "Adj_close": 1974.55
    },
    {
        "Date": "2018/09/26",
        "Adj_close": 1974.85
    },
    {
        "Date": "2018/09/27",
        "Adj_close": 2012.98
    },
    {
        "Date": "2018/09/28",
        "Adj_close": 2003.0
    },
    {
        "Date": "2018/10/01",
        "Adj_close": 2004.36
    },
    {
        "Date": "2018/10/02",
        "Adj_close": 1971.31
    },
    {
        "Date": "2018/10/03",
        "Adj_close": 1952.76
    },
    {
        "Date": "2018/10/04",
        "Adj_close": 1909.42
    },
    {
        "Date": "2018/10/05",
        "Adj_close": 1889.65
    },
    {
        "Date": "2018/10/08",
        "Adj_close": 1864.42
    },
    {
        "Date": "2018/10/09",
        "Adj_close": 1870.32
    },
    {
        "Date": "2018/10/10",
        "Adj_close": 1755.25
    },
    {
        "Date": "2018/10/11",
        "Adj_close": 1719.36
    },
    {
        "Date": "2018/10/12",
        "Adj_close": 1788.61
    },
    {
        "Date": "2018/10/15",
        "Adj_close": 1760.95
    },
    {
        "Date": "2018/10/16",
        "Adj_close": 1819.96
    },
    {
        "Date": "2018/10/17",
        "Adj_close": 1831.73
    },
    {
        "Date": "2018/10/18",
        "Adj_close": 1770.72
    },
    {
        "Date": "2018/10/19",
        "Adj_close": 1764.03
    },
    {
        "Date": "2018/10/22",
        "Adj_close": 1789.3
    },
    {
        "Date": "2018/10/23",
        "Adj_close": 1768.7
    },
    {
        "Date": "2018/10/24",
        "Adj_close": 1664.2
    },
    {
        "Date": "2018/10/25",
        "Adj_close": 1782.17
    },
    {
        "Date": "2018/10/26",
        "Adj_close": 1642.81
    },
    {
        "Date": "2018/10/29",
        "Adj_close": 1538.88
    },
    {
        "Date": "2018/10/30",
        "Adj_close": 1530.42
    },
    {
        "Date": "2018/10/31",
        "Adj_close": 1598.01
    },
    {
        "Date": "2018/11/01",
        "Adj_close": 1665.53
    },
    {
        "Date": "2018/11/02",
        "Adj_close": 1665.53
    },
    {
        "Date": "2018/11/05",
        "Adj_close": 1627.8
    },
    {
        "Date": "2018/11/06",
        "Adj_close": 1642.81
    },
    {
        "Date": "2018/11/07",
        "Adj_close": 1755.49
    },
    {
        "Date": "2018/11/08",
        "Adj_close": 1754.91
    },
    {
        "Date": "2018/11/09",
        "Adj_close": 1712.43
    },
    {
        "Date": "2018/11/12",
        "Adj_close": 1636.85
    },
    {
        "Date": "2018/11/13",
        "Adj_close": 1631.17
    },
    {
        "Date": "2018/11/14",
        "Adj_close": 1599.01
    },
    {
        "Date": "2018/11/15",
        "Adj_close": 1619.44
    },
    {
        "Date": "2018/11/16",
        "Adj_close": 1593.41
    },
    {
        "Date": "2018/11/19",
        "Adj_close": 1512.29
    },
    {
        "Date": "2018/11/20",
        "Adj_close": 1495.46
    },
    {
        "Date": "2018/11/21",
        "Adj_close": 1516.73
    },
    {
        "Date": "2018/11/23",
        "Adj_close": 1502.06
    },
    {
        "Date": "2018/11/26",
        "Adj_close": 1581.33
    },
    {
        "Date": "2018/11/27",
        "Adj_close": 1581.42
    },
    {
        "Date": "2018/11/28",
        "Adj_close": 1677.75
    },
    {
        "Date": "2018/11/29",
        "Adj_close": 1673.57
    },
    {
        "Date": "2018/11/30",
        "Adj_close": 1690.17
    },
    {
        "Date": "2018/12/03",
        "Adj_close": 1772.36
    },
    {
        "Date": "2018/12/04",
        "Adj_close": 1668.4
    },
    {
        "Date": "2018/12/06",
        "Adj_close": 1699.19
    },
    {
        "Date": "2018/12/07",
        "Adj_close": 1629.13
    },
    {
        "Date": "2018/12/10",
        "Adj_close": 1641.03
    },
    {
        "Date": "2018/12/11",
        "Adj_close": 1643.24
    },
    {
        "Date": "2018/12/12",
        "Adj_close": 1663.54
    },
    {
        "Date": "2018/12/13",
        "Adj_close": 1658.38
    },
    {
        "Date": "2018/12/14",
        "Adj_close": 1591.91
    },
    {
        "Date": "2018/12/17",
        "Adj_close": 1520.91
    },
    {
        "Date": "2018/12/18",
        "Adj_close": 1551.48
    },
    {
        "Date": "2018/12/19",
        "Adj_close": 1495.08
    },
    {
        "Date": "2018/12/20",
        "Adj_close": 1460.83
    },
    {
        "Date": "2018/12/21",
        "Adj_close": 1377.45
    },
    {
        "Date": "2018/12/24",
        "Adj_close": 1343.96
    },
    {
        "Date": "2018/12/26",
        "Adj_close": 1470.9
    },
    {
        "Date": "2018/12/27",
        "Adj_close": 1461.64
    },
    {
        "Date": "2018/12/28",
        "Adj_close": 1478.02
    },
    {
        "Date": "2018/12/31",
        "Adj_close": 1501.97
    },
    {
        "Date": "2019/01/02",
        "Adj_close": 1539.13
    },
    {
        "Date": "2019/01/03",
        "Adj_close": 1500.28
    },
    {
        "Date": "2019/01/04",
        "Adj_close": 1575.39
    },
    {
        "Date": "2019/01/07",
        "Adj_close": 1629.51
    },
    {
        "Date": "2019/01/08",
        "Adj_close": 1656.58
    },
    {
        "Date": "2019/01/09",
        "Adj_close": 1659.42
    },
    {
        "Date": "2019/01/10",
        "Adj_close": 1656.22
    },
    {
        "Date": "2019/01/11",
        "Adj_close": 1640.56
    },
    {
        "Date": "2019/01/14",
        "Adj_close": 1617.21
    },
    {
        "Date": "2019/01/15",
        "Adj_close": 1674.56
    },
    {
        "Date": "2019/01/16",
        "Adj_close": 1683.78
    },
    {
        "Date": "2019/01/17",
        "Adj_close": 1693.22
    },
    {
        "Date": "2019/01/18",
        "Adj_close": 1696.2
    },
    {
        "Date": "2019/01/22",
        "Adj_close": 1632.17
    },
    {
        "Date": "2019/01/23",
        "Adj_close": 1640.02
    },
    {
        "Date": "2019/01/24",
        "Adj_close": 1654.93
    },
    {
        "Date": "2019/01/25",
        "Adj_close": 1670.57
    },
    {
        "Date": "2019/01/28",
        "Adj_close": 1637.89
    },
    {
        "Date": "2019/01/29",
        "Adj_close": 1593.88
    },
    {
        "Date": "2019/01/30",
        "Adj_close": 1670.43
    },
    {
        "Date": "2019/01/31",
        "Adj_close": 1718.73
    },
    {
        "Date": "2019/02/01",
        "Adj_close": 1626.23
    },
    {
        "Date": "2019/02/04",
        "Adj_close": 1633.31
    },
    {
        "Date": "2019/02/05",
        "Adj_close": 1658.81
    },
    {
        "Date": "2019/02/06",
        "Adj_close": 1640.26
    },
    {
        "Date": "2019/02/07",
        "Adj_close": 1614.37
    },
    {
        "Date": "2019/02/08",
        "Adj_close": 1588.22
    },
    {
        "Date": "2019/02/11",
        "Adj_close": 1591.0
    },
    {
        "Date": "2019/02/12",
        "Adj_close": 1638.01
    },
    {
        "Date": "2019/02/13",
        "Adj_close": 1640.0
    },
    {
        "Date": "2019/02/14",
        "Adj_close": 1622.65
    },
    {
        "Date": "2019/02/15",
        "Adj_close": 1607.95
    },
    {
        "Date": "2019/02/19",
        "Adj_close": 1627.58
    },
    {
        "Date": "2019/02/20",
        "Adj_close": 1622.1
    },
    {
        "Date": "2019/02/21",
        "Adj_close": 1619.44
    },
    {
        "Date": "2019/02/22",
        "Adj_close": 1631.56
    },
    {
        "Date": "2019/02/25",
        "Adj_close": 1633.0
    },
    {
        "Date": "2019/02/26",
        "Adj_close": 1636.4
    },
    {
        "Date": "2019/02/27",
        "Adj_close": 1641.09
    },
    {
        "Date": "2019/02/28",
        "Adj_close": 1639.83
    },
    {
        "Date": "2019/03/01",
        "Adj_close": 1671.73
    },
    {
        "Date": "2019/03/04",
        "Adj_close": 1696.17
    },
    {
        "Date": "2019/03/05",
        "Adj_close": 1692.43
    },
    {
        "Date": "2019/03/06",
        "Adj_close": 1668.95
    },
    {
        "Date": "2019/03/07",
        "Adj_close": 1625.95
    },
    {
        "Date": "2019/03/08",
        "Adj_close": 1620.8
    },
    {
        "Date": "2019/03/11",
        "Adj_close": 1670.62
    },
    {
        "Date": "2019/03/12",
        "Adj_close": 1673.1
    },
    {
        "Date": "2019/03/13",
        "Adj_close": 1690.81
    },
    {
        "Date": "2019/03/14",
        "Adj_close": 1686.22
    },
    {
        "Date": "2019/03/15",
        "Adj_close": 1712.36
    },
    {
        "Date": "2019/03/18",
        "Adj_close": 1742.15
    },
    {
        "Date": "2019/03/19",
        "Adj_close": 1761.85
    },
    {
        "Date": "2019/03/20",
        "Adj_close": 1797.27
    },
    {
        "Date": "2019/03/21",
        "Adj_close": 1819.26
    },
    {
        "Date": "2019/03/22",
        "Adj_close": 1764.77
    },
    {
        "Date": "2019/03/25",
        "Adj_close": 1774.26
    },
    {
        "Date": "2019/03/26",
        "Adj_close": 1783.76
    },
    {
        "Date": "2019/03/27",
        "Adj_close": 1765.7
    },
    {
        "Date": "2019/03/28",
        "Adj_close": 1773.42
    },
    {
        "Date": "2019/03/29",
        "Adj_close": 1780.75
    },
    {
        "Date": "2019/04/01",
        "Adj_close": 1814.19
    },
    {
        "Date": "2019/04/02",
        "Adj_close": 1813.98
    },
    {
        "Date": "2019/04/03",
        "Adj_close": 1820.7
    },
    {
        "Date": "2019/04/04",
        "Adj_close": 1818.86
    },
    {
        "Date": "2019/04/05",
        "Adj_close": 1837.28
    },
    {
        "Date": "2019/04/08",
        "Adj_close": 1849.86
    },
    {
        "Date": "2019/04/09",
        "Adj_close": 1835.84
    },
    {
        "Date": "2019/04/10",
        "Adj_close": 1847.33
    },
    {
        "Date": "2019/04/11",
        "Adj_close": 1844.07
    },
    {
        "Date": "2019/04/12",
        "Adj_close": 1843.06
    },
    {
        "Date": "2019/04/15",
        "Adj_close": 1844.87
    },
    {
        "Date": "2019/04/16",
        "Adj_close": 1863.04
    },
    {
        "Date": "2019/04/17",
        "Adj_close": 1864.82
    },
    {
        "Date": "2019/04/18",
        "Adj_close": 1861.69
    },
    {
        "Date": "2019/04/22",
        "Adj_close": 1887.31
    },
    {
        "Date": "2019/04/23",
        "Adj_close": 1923.77
    },
    {
        "Date": "2019/04/24",
        "Adj_close": 1901.75
    },
    {
        "Date": "2019/04/25",
        "Adj_close": 1902.25
    },
    {
        "Date": "2019/04/26",
        "Adj_close": 1950.63
    },
    {
        "Date": "2019/04/29",
        "Adj_close": 1938.43
    },
    {
        "Date": "2019/04/30",
        "Adj_close": 1926.52
    },
    {
        "Date": "2019/05/01",
        "Adj_close": 1911.52
    },
    {
        "Date": "2019/05/02",
        "Adj_close": 1900.82
    },
    {
        "Date": "2019/05/03",
        "Adj_close": 1962.46
    },
    {
        "Date": "2019/05/06",
        "Adj_close": 1950.55
    },
    {
        "Date": "2019/05/07",
        "Adj_close": 1921.0
    },
    {
        "Date": "2019/05/08",
        "Adj_close": 1917.77
    },
    {
        "Date": "2019/05/09",
        "Adj_close": 1899.87
    },
    {
        "Date": "2019/05/10",
        "Adj_close": 1889.98
    },
    {
        "Date": "2019/05/13",
        "Adj_close": 1822.68
    },
    {
        "Date": "2019/05/14",
        "Adj_close": 1840.12
    },
    {
        "Date": "2019/05/15",
        "Adj_close": 1871.15
    },
    {
        "Date": "2019/05/16",
        "Adj_close": 1907.57
    },
    {
        "Date": "2019/05/17",
        "Adj_close": 1869.0
    },
    {
        "Date": "2019/05/20",
        "Adj_close": 1858.97
    },
    {
        "Date": "2019/05/21",
        "Adj_close": 1857.52
    },
    {
        "Date": "2019/05/22",
        "Adj_close": 1859.68
    },
    {
        "Date": "2019/05/23",
        "Adj_close": 1815.48
    },
    {
        "Date": "2019/05/24",
        "Adj_close": 1823.28
    },
    {
        "Date": "2019/05/28",
        "Adj_close": 1836.43
    },
    {
        "Date": "2019/05/29",
        "Adj_close": 1819.19
    },
    {
        "Date": "2019/05/30",
        "Adj_close": 1816.32
    },
    {
        "Date": "2019/05/31",
        "Adj_close": 1775.07
    },
    {
        "Date": "2019/06/03",
        "Adj_close": 1692.69
    },
    {
        "Date": "2019/06/04",
        "Adj_close": 1729.56
    },
    {
        "Date": "2019/06/05",
        "Adj_close": 1738.5
    },
    {
        "Date": "2019/06/06",
        "Adj_close": 1754.36
    },
    {
        "Date": "2019/06/07",
        "Adj_close": 1804.03
    },
    {
        "Date": "2019/06/10",
        "Adj_close": 1860.63
    },
    {
        "Date": "2019/06/11",
        "Adj_close": 1863.7
    },
    {
        "Date": "2019/06/12",
        "Adj_close": 1855.32
    },
    {
        "Date": "2019/06/13",
        "Adj_close": 1870.3
    },
    {
        "Date": "2019/06/14",
        "Adj_close": 1869.67
    },
    {
        "Date": "2019/06/17",
        "Adj_close": 1886.03
    },
    {
        "Date": "2019/06/18",
        "Adj_close": 1901.37
    },
    {
        "Date": "2019/06/19",
        "Adj_close": 1908.79
    },
    {
        "Date": "2019/06/20",
        "Adj_close": 1918.19
    },
    {
        "Date": "2019/06/21",
        "Adj_close": 1911.3
    },
    {
        "Date": "2019/06/24",
        "Adj_close": 1913.9
    },
    {
        "Date": "2019/06/25",
        "Adj_close": 1878.27
    },
    {
        "Date": "2019/06/26",
        "Adj_close": 1897.83
    },
    {
        "Date": "2019/06/27",
        "Adj_close": 1904.28
    },
    {
        "Date": "2019/06/28",
        "Adj_close": 1893.63
    },
    {
        "Date": "2019/07/01",
        "Adj_close": 1922.19
    },
    {
        "Date": "2019/07/02",
        "Adj_close": 1934.31
    },
    {
        "Date": "2019/07/03",
        "Adj_close": 1939.0
    },
    {
        "Date": "2019/07/05",
        "Adj_close": 1942.91
    },
    {
        "Date": "2019/07/08",
        "Adj_close": 1952.32
    },
    {
        "Date": "2019/07/09",
        "Adj_close": 1988.3
    },
    {
        "Date": "2019/07/10",
        "Adj_close": 2017.41
    },
    {
        "Date": "2019/07/11",
        "Adj_close": 2001.07
    },
    {
        "Date": "2019/07/12",
        "Adj_close": 2011.0
    },
    {
        "Date": "2019/07/15",
        "Adj_close": 2020.99
    },
    {
        "Date": "2019/07/16",
        "Adj_close": 2009.9
    },
    {
        "Date": "2019/07/17",
        "Adj_close": 1992.03
    },
    {
        "Date": "2019/07/18",
        "Adj_close": 1977.9
    },
    {
        "Date": "2019/07/19",
        "Adj_close": 1964.52
    },
    {
        "Date": "2019/07/22",
        "Adj_close": 1985.63
    },
    {
        "Date": "2019/07/23",
        "Adj_close": 1994.49
    },
    {
        "Date": "2019/07/24",
        "Adj_close": 2000.81
    },
    {
        "Date": "2019/07/25",
        "Adj_close": 1973.82
    },
    {
        "Date": "2019/07/26",
        "Adj_close": 1943.05
    },
    {
        "Date": "2019/07/29",
        "Adj_close": 1912.45
    },
    {
        "Date": "2019/07/30",
        "Adj_close": 1898.53
    },
    {
        "Date": "2019/07/31",
        "Adj_close": 1866.78
    },
    {
        "Date": "2019/08/01",
        "Adj_close": 1855.32
    },
    {
        "Date": "2019/08/02",
        "Adj_close": 1823.24
    },
    {
        "Date": "2019/08/05",
        "Adj_close": 1765.13
    },
    {
        "Date": "2019/08/06",
        "Adj_close": 1787.83
    },
    {
        "Date": "2019/08/07",
        "Adj_close": 1793.4
    },
    {
        "Date": "2019/08/08",
        "Adj_close": 1832.89
    },
    {
        "Date": "2019/08/09",
        "Adj_close": 1807.58
    },
    {
        "Date": "2019/08/12",
        "Adj_close": 1784.92
    },
    {
        "Date": "2019/08/13",
        "Adj_close": 1824.34
    },
    {
        "Date": "2019/08/14",
        "Adj_close": 1762.96
    },
    {
        "Date": "2019/08/15",
        "Adj_close": 1776.12
    },
    {
        "Date": "2019/08/16",
        "Adj_close": 1792.57
    },
    {
        "Date": "2019/08/19",
        "Adj_close": 1816.12
    },
    {
        "Date": "2019/08/20",
        "Adj_close": 1801.38
    },
    {
        "Date": "2019/08/21",
        "Adj_close": 1823.54
    },
    {
        "Date": "2019/08/22",
        "Adj_close": 1805.6
    },
    {
        "Date": "2019/08/23",
        "Adj_close": 1749.62
    },
    {
        "Date": "2019/08/26",
        "Adj_close": 1768.87
    },
    {
        "Date": "2019/08/27",
        "Adj_close": 1761.83
    },
    {
        "Date": "2019/08/28",
        "Adj_close": 1764.25
    },
    {
        "Date": "2019/08/29",
        "Adj_close": 1786.4
    },
    {
        "Date": "2019/08/30",
        "Adj_close": 1776.29
    },
    {
        "Date": "2019/09/03",
        "Adj_close": 1789.84
    },
    {
        "Date": "2019/09/04",
        "Adj_close": 1800.62
    },
    {
        "Date": "2019/09/05",
        "Adj_close": 1840.72
    },
    {
        "Date": "2019/09/06",
        "Adj_close": 1833.51
    },
    {
        "Date": "2019/09/09",
        "Adj_close": 1831.35
    },
    {
        "Date": "2019/09/10",
        "Adj_close": 1820.55
    },
    {
        "Date": "2019/09/11",
        "Adj_close": 1822.99
    },
    {
        "Date": "2019/09/12",
        "Adj_close": 1843.55
    },
    {
        "Date": "2019/09/13",
        "Adj_close": 1839.34
    },
    {
        "Date": "2019/09/16",
        "Adj_close": 1807.84
    },
    {
        "Date": "2019/09/17",
        "Adj_close": 1822.55
    },
    {
        "Date": "2019/09/18",
        "Adj_close": 1817.46
    },
    {
        "Date": "2019/09/19",
        "Adj_close": 1821.5
    },
    {
        "Date": "2019/09/20",
        "Adj_close": 1794.16
    },
    {
        "Date": "2019/09/23",
        "Adj_close": 1785.3
    },
    {
        "Date": "2019/09/24",
        "Adj_close": 1741.61
    },
    {
        "Date": "2019/09/25",
        "Adj_close": 1768.33
    },
    {
        "Date": "2019/09/26",
        "Adj_close": 1739.84
    },
    {
        "Date": "2019/09/27",
        "Adj_close": 1725.45
    },
    {
        "Date": "2019/09/30",
        "Adj_close": 1735.91
    },
    {
        "Date": "2019/10/01",
        "Adj_close": 1735.65
    },
    {
        "Date": "2019/10/02",
        "Adj_close": 1713.23
    },
    {
        "Date": "2019/10/03",
        "Adj_close": 1724.42
    },
    {
        "Date": "2019/10/04",
        "Adj_close": 1739.65
    },
    {
        "Date": "2019/10/07",
        "Adj_close": 1732.66
    },
    {
        "Date": "2019/10/08",
        "Adj_close": 1705.51
    },
    {
        "Date": "2019/10/09",
        "Adj_close": 1721.99
    },
    {
        "Date": "2019/10/10",
        "Adj_close": 1720.26
    },
    {
        "Date": "2019/10/11",
        "Adj_close": 1731.92
    },
    {
        "Date": "2019/10/14",
        "Adj_close": 1736.43
    },
    {
        "Date": "2019/10/15",
        "Adj_close": 1767.38
    },
    {
        "Date": "2019/10/16",
        "Adj_close": 1777.43
    },
    {
        "Date": "2019/10/17",
        "Adj_close": 1787.48
    },
    {
        "Date": "2019/10/18",
        "Adj_close": 1757.51
    },
    {
        "Date": "2019/10/21",
        "Adj_close": 1785.66
    },
    {
        "Date": "2019/10/22",
        "Adj_close": 1765.73
    },
    {
        "Date": "2019/10/23",
        "Adj_close": 1762.17
    },
    {
        "Date": "2019/10/24",
        "Adj_close": 1780.78
    },
    {
        "Date": "2019/10/25",
        "Adj_close": 1761.33
    },
    {
        "Date": "2019/10/28",
        "Adj_close": 1777.08
    },
    {
        "Date": "2019/10/29",
        "Adj_close": 1762.71
    },
    {
        "Date": "2019/10/30",
        "Adj_close": 1779.99
    },
    {
        "Date": "2019/10/31",
        "Adj_close": 1776.66
    },
    {
        "Date": "2019/11/01",
        "Adj_close": 1791.44
    },
    {
        "Date": "2019/11/04",
        "Adj_close": 1804.66
    },
    {
        "Date": "2019/11/05",
        "Adj_close": 1801.71
    },
    {
        "Date": "2019/11/06",
        "Adj_close": 1795.77
    },
    {
        "Date": "2019/11/07",
        "Adj_close": 1788.2
    },
    {
        "Date": "2019/11/08",
        "Adj_close": 1785.88
    },
    {
        "Date": "2019/11/11",
        "Adj_close": 1771.65
    },
    {
        "Date": "2019/11/12",
        "Adj_close": 1778.0
    },
    {
        "Date": "2019/11/13",
        "Adj_close": 1753.11
    },
    {
        "Date": "2019/11/14",
        "Adj_close": 1754.6
    },
    {
        "Date": "2019/11/15",
        "Adj_close": 1739.49
    },
    {
        "Date": "2019/11/18",
        "Adj_close": 1752.53
    },
    {
        "Date": "2019/11/19",
        "Adj_close": 1752.79
    },
    {
        "Date": "2019/11/20",
        "Adj_close": 1745.53
    },
    {
        "Date": "2019/11/21",
        "Adj_close": 1734.71
    },
    {
        "Date": "2019/11/22",
        "Adj_close": 1745.72
    },
    {
        "Date": "2019/11/25",
        "Adj_close": 1773.84
    },
    {
        "Date": "2019/11/26",
        "Adj_close": 1796.94
    },
    {
        "Date": "2019/11/27",
        "Adj_close": 1818.51
    },
    {
        "Date": "2019/11/29",
        "Adj_close": 1800.8
    },
    {
        "Date": "2019/12/02",
        "Adj_close": 1781.6
    },
    {
        "Date": "2019/12/03",
        "Adj_close": 1769.96
    },
    {
        "Date": "2019/12/04",
        "Adj_close": 1760.69
    },
    {
        "Date": "2019/12/05",
        "Adj_close": 1740.48
    },
    {
        "Date": "2019/12/06",
        "Adj_close": 1751.6
    },
    {
        "Date": "2019/12/09",
        "Adj_close": 1749.51
    },
    {
        "Date": "2019/12/10",
        "Adj_close": 1739.21
    },
    {
        "Date": "2019/12/11",
        "Adj_close": 1748.72
    },
    {
        "Date": "2019/12/12",
        "Adj_close": 1760.33
    },
    {
        "Date": "2019/12/13",
        "Adj_close": 1760.94
    },
    {
        "Date": "2019/12/16",
        "Adj_close": 1769.21
    },
    {
        "Date": "2019/12/17",
        "Adj_close": 1790.66
    },
    {
        "Date": "2019/12/18",
        "Adj_close": 1784.03
    },
    {
        "Date": "2019/12/19",
        "Adj_close": 1792.28
    },
    {
        "Date": "2019/12/20",
        "Adj_close": 1786.5
    },
    {
        "Date": "2019/12/23",
        "Adj_close": 1793.0
    },
    {
        "Date": "2019/12/24",
        "Adj_close": 1789.21
    },
    {
        "Date": "2019/12/26",
        "Adj_close": 1868.77
    },
    {
        "Date": "2019/12/27",
        "Adj_close": 1869.8
    },
    {
        "Date": "2019/12/30",
        "Adj_close": 1846.89
    },
    {
        "Date": "2019/12/31",
        "Adj_close": 1847.84
    },
    {
        "Date": "2020/01/02",
        "Adj_close": 1898.01
    },
    {
        "Date": "2020/01/03",
        "Adj_close": 1874.97
    },
    {
        "Date": "2020/01/06",
        "Adj_close": 1902.88
    },
    {
        "Date": "2020/01/07",
        "Adj_close": 1906.86
    },
    {
        "Date": "2020/01/08",
        "Adj_close": 1891.97
    },
    {
        "Date": "2020/01/09",
        "Adj_close": 1901.05
    },
    {
        "Date": "2020/01/10",
        "Adj_close": 1883.16
    },
    {
        "Date": "2020/01/13",
        "Adj_close": 1891.3
    },
    {
        "Date": "2020/01/14",
        "Adj_close": 1869.44
    },
    {
        "Date": "2020/01/15",
        "Adj_close": 1862.02
    },
    {
        "Date": "2020/01/16",
        "Adj_close": 1877.94
    },
    {
        "Date": "2020/01/17",
        "Adj_close": 1864.72
    },
    {
        "Date": "2020/01/21",
        "Adj_close": 1892.0
    },
    {
        "Date": "2020/01/22",
        "Adj_close": 1887.46
    },
    {
        "Date": "2020/01/23",
        "Adj_close": 1884.58
    },
    {
        "Date": "2020/01/24",
        "Adj_close": 1861.64
    },
    {
        "Date": "2020/01/27",
        "Adj_close": 1828.34
    },
    {
        "Date": "2020/01/28",
        "Adj_close": 1853.25
    },
    {
        "Date": "2020/01/29",
        "Adj_close": 1858.0
    },
    {
        "Date": "2020/01/30",
        "Adj_close": 1870.68
    },
    {
        "Date": "2020/01/31",
        "Adj_close": 2008.72
    },
    {
        "Date": "2020/02/03",
        "Adj_close": 2004.2
    },
    {
        "Date": "2020/02/04",
        "Adj_close": 2049.67
    },
    {
        "Date": "2020/02/05",
        "Adj_close": 2039.87
    },
    {
        "Date": "2020/02/06",
        "Adj_close": 2050.23
    },
    {
        "Date": "2020/02/07",
        "Adj_close": 2079.28
    },
    {
        "Date": "2020/02/10",
        "Adj_close": 2133.91
    },
    {
        "Date": "2020/02/11",
        "Adj_close": 2150.8
    },
    {
        "Date": "2020/02/12",
        "Adj_close": 2160.0
    },
    {
        "Date": "2020/02/13",
        "Adj_close": 2149.87
    },
    {
        "Date": "2020/02/14",
        "Adj_close": 2134.87
    },
    {
        "Date": "2020/02/18",
        "Adj_close": 2155.67
    },
    {
        "Date": "2020/02/19",
        "Adj_close": 2170.22
    },
    {
        "Date": "2020/02/20",
        "Adj_close": 2153.1
    },
    {
        "Date": "2020/02/21",
        "Adj_close": 2095.97
    },
    {
        "Date": "2020/02/24",
        "Adj_close": 2009.29
    },
    {
        "Date": "2020/02/25",
        "Adj_close": 1972.74
    },
    {
        "Date": "2020/02/26",
        "Adj_close": 1979.59
    },
    {
        "Date": "2020/02/27",
        "Adj_close": 1884.3
    },
    {
        "Date": "2020/02/28",
        "Adj_close": 1883.75
    },
    {
        "Date": "2020/03/02",
        "Adj_close": 1953.95
    },
    {
        "Date": "2020/03/03",
        "Adj_close": 1908.99
    },
    {
        "Date": "2020/03/04",
        "Adj_close": 1975.83
    },
    {
        "Date": "2020/03/05",
        "Adj_close": 1924.03
    },
    {
        "Date": "2020/03/06",
        "Adj_close": 1901.09
    },
    {
        "Date": "2020/03/09",
        "Adj_close": 1800.61
    },
    {
        "Date": "2020/03/10",
        "Adj_close": 1891.82
    },
    {
        "Date": "2020/03/11",
        "Adj_close": 1820.86
    },
    {
        "Date": "2020/03/12",
        "Adj_close": 1676.61
    },
    {
        "Date": "2020/03/13",
        "Adj_close": 1785.0
    },
    {
        "Date": "2020/03/16",
        "Adj_close": 1689.15
    },
    {
        "Date": "2020/03/17",
        "Adj_close": 1807.84
    },
    {
        "Date": "2020/03/18",
        "Adj_close": 1830.0
    },
    {
        "Date": "2020/03/19",
        "Adj_close": 1880.93
    },
    {
        "Date": "2020/03/20",
        "Adj_close": 1846.09
    },
    {
        "Date": "2020/03/23",
        "Adj_close": 1902.83
    },
    {
        "Date": "2020/03/24",
        "Adj_close": 1940.1
    },
    {
        "Date": "2020/03/25",
        "Adj_close": 1885.84
    },
    {
        "Date": "2020/03/26",
        "Adj_close": 1955.49
    },
    {
        "Date": "2020/03/27",
        "Adj_close": 1900.1
    },
    {
        "Date": "2020/03/30",
        "Adj_close": 1963.95
    },
    {
        "Date": "2020/03/31",
        "Adj_close": 1949.72
    },
    {
        "Date": "2020/04/01",
        "Adj_close": 1907.7
    },
    {
        "Date": "2020/04/02",
        "Adj_close": 1918.83
    },
    {
        "Date": "2020/04/03",
        "Adj_close": 1906.59
    },
    {
        "Date": "2020/04/06",
        "Adj_close": 1997.59
    },
    {
        "Date": "2020/04/07",
        "Adj_close": 2011.6
    },
    {
        "Date": "2020/04/08",
        "Adj_close": 2043.0
    },
    {
        "Date": "2020/04/09",
        "Adj_close": 2042.76
    },
    {
        "Date": "2020/04/13",
        "Adj_close": 2168.87
    },
    {
        "Date": "2020/04/14",
        "Adj_close": 2283.32
    },
    {
        "Date": "2020/04/15",
        "Adj_close": 2307.68
    },
    {
        "Date": "2020/04/16",
        "Adj_close": 2408.19
    },
    {
        "Date": "2020/04/17",
        "Adj_close": 2375.0
    },
    {
        "Date": "2020/04/20",
        "Adj_close": 2393.61
    },
    {
        "Date": "2020/04/21",
        "Adj_close": 2328.12
    },
    {
        "Date": "2020/04/22",
        "Adj_close": 2363.49
    },
    {
        "Date": "2020/04/23",
        "Adj_close": 2399.45
    },
    {
        "Date": "2020/04/24",
        "Adj_close": 2410.22
    },
    {
        "Date": "2020/04/27",
        "Adj_close": 2376.0
    },
    {
        "Date": "2020/04/28",
        "Adj_close": 2314.08
    },
    {
        "Date": "2020/04/29",
        "Adj_close": 2372.71
    },
    {
        "Date": "2020/04/30",
        "Adj_close": 2474.0
    },
    {
        "Date": "2020/05/01",
        "Adj_close": 2286.04
    },
    {
        "Date": "2020/05/04",
        "Adj_close": 2315.99
    },
    {
        "Date": "2020/05/05",
        "Adj_close": 2317.8
    },
    {
        "Date": "2020/05/06",
        "Adj_close": 2351.26
    },
    {
        "Date": "2020/05/07",
        "Adj_close": 2367.61
    },
    {
        "Date": "2020/05/08",
        "Adj_close": 2379.61
    },
    {
        "Date": "2020/05/11",
        "Adj_close": 2409.0
    },
    {
        "Date": "2020/05/12",
        "Adj_close": 2356.95
    },
    {
        "Date": "2020/05/13",
        "Adj_close": 2367.92
    },
    {
        "Date": "2020/05/14",
        "Adj_close": 2388.85
    },
    {
        "Date": "2020/05/15",
        "Adj_close": 2409.78
    },
    {
        "Date": "2020/05/18",
        "Adj_close": 2426.26
    },
    {
        "Date": "2020/05/19",
        "Adj_close": 2449.33
    },
    {
        "Date": "2020/05/20",
        "Adj_close": 2497.94
    },
    {
        "Date": "2020/05/21",
        "Adj_close": 2446.74
    },
    {
        "Date": "2020/05/22",
        "Adj_close": 2436.88
    },
    {
        "Date": "2020/05/26",
        "Adj_close": 2421.86
    },
    {
        "Date": "2020/05/27",
        "Adj_close": 2410.39
    },
    {
        "Date": "2020/05/28",
        "Adj_close": 2401.1
    },
    {
        "Date": "2020/05/29",
        "Adj_close": 2442.37
    },
    {
        "Date": "2020/06/01",
        "Adj_close": 2471.04
    },
    {
        "Date": "2020/06/02",
        "Adj_close": 2472.41
    },
    {
        "Date": "2020/06/03",
        "Adj_close": 2478.4
    },
    {
        "Date": "2020/06/04",
        "Adj_close": 2460.6
    },
    {
        "Date": "2020/06/05",
        "Adj_close": 2483.0
    },
    {
        "Date": "2020/06/08",
        "Adj_close": 2524.06
    },
    {
        "Date": "2020/06/09",
        "Adj_close": 2600.86
    },
    {
        "Date": "2020/06/10",
        "Adj_close": 2647.45
    },
    {
        "Date": "2020/06/11",
        "Adj_close": 2557.96
    },
    {
        "Date": "2020/06/12",
        "Adj_close": 2545.02
    },
    {
        "Date": "2020/06/15",
        "Adj_close": 2572.68
    },
    {
        "Date": "2020/06/16",
        "Adj_close": 2615.27
    },
    {
        "Date": "2020/06/17",
        "Adj_close": 2640.98
    },
    {
        "Date": "2020/06/18",
        "Adj_close": 2653.98
    },
    {
        "Date": "2020/06/19",
        "Adj_close": 2675.01
    },
    {
        "Date": "2020/06/22",
        "Adj_close": 2713.82
    },
    {
        "Date": "2020/06/23",
        "Adj_close": 2764.41
    },
    {
        "Date": "2020/06/24",
        "Adj_close": 2734.4
    },
    {
        "Date": "2020/06/25",
        "Adj_close": 2754.58
    },
    {
        "Date": "2020/06/26",
        "Adj_close": 2692.87
    },
    {
        "Date": "2020/06/29",
        "Adj_close": 2680.38
    },
    {
        "Date": "2020/06/30",
        "Adj_close": 2758.82
    },
    {
        "Date": "2020/07/01",
        "Adj_close": 2878.7
    },
    {
        "Date": "2020/07/02",
        "Adj_close": 2890.3
    },
    {
        "Date": "2020/07/06",
        "Adj_close": 3057.04
    },
    {
        "Date": "2020/07/07",
        "Adj_close": 3000.12
    },
    {
        "Date": "2020/07/08",
        "Adj_close": 3081.11
    },
    {
        "Date": "2020/07/09",
        "Adj_close": 3182.63
    },
    {
        "Date": "2020/07/10",
        "Adj_close": 3200.0
    },
    {
        "Date": "2020/07/13",
        "Adj_close": 3104.0
    },
    {
        "Date": "2020/07/14",
        "Adj_close": 3084.0
    },
    {
        "Date": "2020/07/15",
        "Adj_close": 3008.87
    },
    {
        "Date": "2020/07/16",
        "Adj_close": 2999.9
    },
    {
        "Date": "2020/07/17",
        "Adj_close": 2961.97
    },
    {
        "Date": "2020/07/20",
        "Adj_close": 3196.84
    },
    {
        "Date": "2020/07/21",
        "Adj_close": 3138.29
    },
    {
        "Date": "2020/07/22",
        "Adj_close": 3099.91
    },
    {
        "Date": "2020/07/23",
        "Adj_close": 2986.55
    },
    {
        "Date": "2020/07/24",
        "Adj_close": 3008.91
    },
    {
        "Date": "2020/07/27",
        "Adj_close": 3055.21
    },
    {
        "Date": "2020/07/28",
        "Adj_close": 3000.33
    },
    {
        "Date": "2020/07/29",
        "Adj_close": 3033.53
    },
    {
        "Date": "2020/07/30",
        "Adj_close": 3051.88
    },
    {
        "Date": "2020/07/31",
        "Adj_close": 3164.68
    },
    {
        "Date": "2020/08/03",
        "Adj_close": 3111.89
    },
    {
        "Date": "2020/08/04",
        "Adj_close": 3138.83
    },
    {
        "Date": "2020/08/05",
        "Adj_close": 3205.03
    },
    {
        "Date": "2020/08/06",
        "Adj_close": 3225.0
    },
    {
        "Date": "2020/08/07",
        "Adj_close": 3167.46
    },
    {
        "Date": "2020/08/10",
        "Adj_close": 3148.16
    },
    {
        "Date": "2020/08/11",
        "Adj_close": 3080.67
    },
    {
        "Date": "2020/08/12",
        "Adj_close": 3162.24
    },
    {
        "Date": "2020/08/13",
        "Adj_close": 3161.02
    },
    {
        "Date": "2020/08/14",
        "Adj_close": 3148.02
    },
    {
        "Date": "2020/08/17",
        "Adj_close": 3182.41
    },
    {
        "Date": "2020/08/18",
        "Adj_close": 3312.49
    },
    {
        "Date": "2020/08/19",
        "Adj_close": 3260.48
    },
    {
        "Date": "2020/08/20",
        "Adj_close": 3297.37
    },
    {
        "Date": "2020/08/21",
        "Adj_close": 3284.72
    },
    {
        "Date": "2020/08/24",
        "Adj_close": 3307.46
    },
    {
        "Date": "2020/08/25",
        "Adj_close": 3346.49
    },
    {
        "Date": "2020/08/26",
        "Adj_close": 3441.85
    },
    {
        "Date": "2020/08/27",
        "Adj_close": 3400.0
    },
    {
        "Date": "2020/08/28",
        "Adj_close": 3401.8
    },
    {
        "Date": "2020/08/31",
        "Adj_close": 3450.96
    },
    {
        "Date": "2020/09/01",
        "Adj_close": 3499.12
    },
    {
        "Date": "2020/09/02",
        "Adj_close": 3531.45
    },
    {
        "Date": "2020/09/03",
        "Adj_close": 3368.0
    },
    {
        "Date": "2020/09/04",
        "Adj_close": 3294.62
    },
    {
        "Date": "2020/09/08",
        "Adj_close": 3149.84
    },
    {
        "Date": "2020/09/09",
        "Adj_close": 3268.61
    },
    {
        "Date": "2020/09/10",
        "Adj_close": 3175.11
    },
    {
        "Date": "2020/09/11",
        "Adj_close": 3116.22
    },
    {
        "Date": "2020/09/14",
        "Adj_close": 3102.97
    },
    {
        "Date": "2020/09/15",
        "Adj_close": 3156.13
    },
    {
        "Date": "2020/09/16",
        "Adj_close": 3078.1
    },
    {
        "Date": "2020/09/17",
        "Adj_close": 3008.73
    },
    {
        "Date": "2020/09/18",
        "Adj_close": 2954.91
    },
    {
        "Date": "2020/09/21",
        "Adj_close": 2960.47
    },
    {
        "Date": "2020/09/22",
        "Adj_close": 3128.99
    },
    {
        "Date": "2020/09/23",
        "Adj_close": 2999.86
    },
    {
        "Date": "2020/09/24",
        "Adj_close": 3019.79
    },
    {
        "Date": "2020/09/25",
        "Adj_close": 3095.13
    },
    {
        "Date": "2020/09/28",
        "Adj_close": 3174.05
    },
    {
        "Date": "2020/09/29",
        "Adj_close": 3144.88
    },
    {
        "Date": "2020/09/30",
        "Adj_close": 3148.73
    },
    {
        "Date": "2020/10/01",
        "Adj_close": 3221.26
    },
    {
        "Date": "2020/10/02",
        "Adj_close": 3125.0
    },
    {
        "Date": "2020/10/05",
        "Adj_close": 3199.2
    },
    {
        "Date": "2020/10/06",
        "Adj_close": 3099.96
    },
    {
        "Date": "2020/10/07",
        "Adj_close": 3195.69
    },
    {
        "Date": "2020/10/08",
        "Adj_close": 3190.55
    },
    {
        "Date": "2020/10/09",
        "Adj_close": 3286.65
    },
    {
        "Date": "2020/10/12",
        "Adj_close": 3442.93
    },
    {
        "Date": "2020/10/13",
        "Adj_close": 3443.63
    },
    {
        "Date": "2020/10/14",
        "Adj_close": 3363.71
    },
    {
        "Date": "2020/10/15",
        "Adj_close": 3338.65
    },
    {
        "Date": "2020/10/16",
        "Adj_close": 3272.71
    },
    {
        "Date": "2020/10/19",
        "Adj_close": 3207.21
    },
    {
        "Date": "2020/10/20",
        "Adj_close": 3217.01
    },
    {
        "Date": "2020/10/21",
        "Adj_close": 3184.94
    },
    {
        "Date": "2020/10/22",
        "Adj_close": 3176.4
    },
    {
        "Date": "2020/10/23",
        "Adj_close": 3204.4
    },
    {
        "Date": "2020/10/26",
        "Adj_close": 3207.04
    },
    {
        "Date": "2020/10/27",
        "Adj_close": 3286.33
    },
    {
        "Date": "2020/10/28",
        "Adj_close": 3162.78
    },
    {
        "Date": "2020/10/29",
        "Adj_close": 3211.01
    },
    {
        "Date": "2020/10/30",
        "Adj_close": 3036.15
    },
    {
        "Date": "2020/11/02",
        "Adj_close": 3004.48
    },
    {
        "Date": "2020/11/03",
        "Adj_close": 3048.41
    },
    {
        "Date": "2020/11/04",
        "Adj_close": 3241.16
    },
    {
        "Date": "2020/11/05",
        "Adj_close": 3322.0
    },
    {
        "Date": "2020/11/06",
        "Adj_close": 3311.37
    },
    {
        "Date": "2020/11/09",
        "Adj_close": 3143.74
    },
    {
        "Date": "2020/11/10",
        "Adj_close": 3035.02
    },
    {
        "Date": "2020/11/11",
        "Adj_close": 3137.39
    },
    {
        "Date": "2020/11/12",
        "Adj_close": 3110.28
    },
    {
        "Date": "2020/11/13",
        "Adj_close": 3128.81
    },
    {
        "Date": "2020/11/16",
        "Adj_close": 3131.06
    },
    {
        "Date": "2020/11/17",
        "Adj_close": 3135.66
    },
    {
        "Date": "2020/11/18",
        "Adj_close": 3105.46
    },
    {
        "Date": "2020/11/19",
        "Adj_close": 3117.02
    },
    {
        "Date": "2020/11/20",
        "Adj_close": 3099.4
    },
    {
        "Date": "2020/11/23",
        "Adj_close": 3098.39
    },
    {
        "Date": "2020/11/24",
        "Adj_close": 3118.06
    },
    {
        "Date": "2020/11/25",
        "Adj_close": 3185.07
    },
    {
        "Date": "2020/11/27",
        "Adj_close": 3195.34
    },
    {
        "Date": "2020/11/30",
        "Adj_close": 3168.04
    },
    {
        "Date": "2020/12/01",
        "Adj_close": 3220.08
    },
    {
        "Date": "2020/12/02",
        "Adj_close": 3203.53
    },
    {
        "Date": "2020/12/03",
        "Adj_close": 3186.73
    },
    {
        "Date": "2020/12/04",
        "Adj_close": 3162.58
    },
    {
        "Date": "2020/12/07",
        "Adj_close": 3158.0
    },
    {
        "Date": "2020/12/08",
        "Adj_close": 3177.29
    },
    {
        "Date": "2020/12/09",
        "Adj_close": 3104.2
    },
    {
        "Date": "2020/12/10",
        "Adj_close": 3101.49
    },
    {
        "Date": "2020/12/11",
        "Adj_close": 3116.42
    },
    {
        "Date": "2020/12/14",
        "Adj_close": 3156.97
    },
    {
        "Date": "2020/12/15",
        "Adj_close": 3165.12
    },
    {
        "Date": "2020/12/16",
        "Adj_close": 3240.96
    },
    {
        "Date": "2020/12/17",
        "Adj_close": 3236.08
    },
    {
        "Date": "2020/12/18",
        "Adj_close": 3201.65
    },
    {
        "Date": "2020/12/21",
        "Adj_close": 3206.18
    },
    {
        "Date": "2020/12/22",
        "Adj_close": 3206.52
    },
    {
        "Date": "2020/12/23",
        "Adj_close": 3185.27
    },
    {
        "Date": "2020/12/24",
        "Adj_close": 3172.69
    }
]